Timestamp,Fase,T,H,r1,r2,r3
16:47:39,Fase1_Baseline_ArLimpo,25.3,48.0,622.0,641.0,640.0
16:47:41,Fase1_Baseline_ArLimpo,25.3,48.0,,668.0,633.0
16:47:43,Fase1_Baseline_ArLimpo,25.3,48.0,648.0,662.0,655.0
16:47:45,Fase1_Baseline_ArLimpo,25.3,48.0,592.0,635.0,635.0
16:47:47,Fase1_Baseline_ArLimpo,25.3,48.0,640.0,629.0,636.0
16:47:49,Fase1_Baseline_ArLimpo,25.3,48.0,630.0,611.0,607.0
16:47:51,Fase1_Baseline_ArLimpo,25.3,48.0,606.0,640.0,645.0
16:47:53,Fase1_Baseline_ArLimpo,25.3,48.0,653.0,633.0,650.0
16:47:55,Fase1_Baseline_ArLimpo,25.3,48.0,569.0,643.0,606.0
16:47:57,Fase1_Baseline_ArLimpo,25.3,48.0,656.0,654.0,661.0
16:47:59,Fase1_Baseline_ArLimpo,25.3,48.0,624.0,626.0,619.0
16:48:01,Fase1_Baseline_ArLimpo,25.3,48.0,624.0,594.0,607.0
16:48:03,Fase1_Baseline_ArLimpo,25.3,48.0,642.0,656.0,640.0
16:48:05,Fase1_Baseline_ArLimpo,25.3,48.0,531.0,,614.0
16:48:07,Fase1_Baseline_ArLimpo,25.3,48.0,583.0,661.0,654.0
16:48:09,Fase1_Baseline_ArLimpo,25.3,48.0,629.0,633.0,629.0
16:48:11,Fase1_Baseline_ArLimpo,25.3,48.0,658.0,681.0,652.0
16:48:13,Fase1_Baseline_ArLimpo,25.3,48.0,661.0,667.0,627.0
16:48:15,Fase1_Baseline_ArLimpo,25.3,48.0,592.0,640.0,622.0
16:48:17,Fase1_Baseline_ArLimpo,25.3,48.0,650.0,645.0,638.0
16:48:19,Fase1_Baseline_ArLimpo,25.3,48.0,713.0,666.0,641.0
16:48:21,Fase1_Baseline_ArLimpo,25.3,48.0,631.0,674.0,645.0
16:48:23,Fase1_Baseline_ArLimpo,25.3,48.0,659.0,702.0,667.0
16:48:25,Fase1_Baseline_ArLimpo,25.3,48.0,604.0,681.0,666.0
16:48:27,Fase1_Baseline_ArLimpo,25.3,48.0,646.0,652.0,641.0
16:48:29,Fase1_Baseline_ArLimpo,25.3,48.0,615.0,652.0,645.0
16:48:31,Fase1_Baseline_ArLimpo,25.3,48.0,613.0,651.0,638.0
16:48:33,Fase1_Baseline_ArLimpo,25.3,48.0,643.0,650.0,613.0
16:48:35,Fase1_Baseline_ArLimpo,25.3,48.0,592.0,683.0,643.0
16:48:37,Fase1_Baseline_ArLimpo,25.3,48.0,642.0,647.0,652.0
16:48:39,Fase1_Baseline_ArLimpo,25.3,48.0,699.0,679.0,646.0
16:48:41,Fase1_Baseline_ArLimpo,25.3,48.0,673.0,687.0,656.0
16:48:43,Fase1_Baseline_ArLimpo,25.3,48.0,688.0,665.0,640.0
16:48:45,Fase1_Baseline_ArLimpo,25.3,48.0,,693.0,656.0
16:48:47,Fase1_Baseline_ArLimpo,25.4,48.0,641.0,658.0,637.0
16:48:49,Fase1_Baseline_ArLimpo,25.4,48.0,606.0,689.0,656.0
16:48:51,Fase1_Baseline_ArLimpo,25.4,48.0,589.0,624.0,621.0
16:48:53,Fase1_Baseline_ArLimpo,25.4,48.0,670.0,697.0,666.0
16:48:55,Fase1_Baseline_ArLimpo,25.5,48.0,713.0,681.0,704.0
16:48:57,Fase1_Baseline_ArLimpo,25.6,48.0,759.0,683.0,686.0
16:49:00,Fase1_Baseline_ArLimpo,25.5,48.0,618.0,673.0,667.0
16:49:02,Fase1_Baseline_ArLimpo,25.4,48.0,662.0,663.0,646.0
16:49:04,Fase1_Baseline_ArLimpo,25.3,48.0,592.0,641.0,615.0
16:49:06,Fase1_Baseline_ArLimpo,25.3,48.0,662.0,704.0,668.0
16:49:08,Fase1_Baseline_ArLimpo,25.3,48.0,636.0,695.0,666.0
16:49:10,Fase1_Baseline_ArLimpo,25.3,48.0,625.0,677.0,672.0
16:49:12,Fase1_Baseline_ArLimpo,25.3,48.0,637.0,659.0,651.0
16:49:14,Fase1_Baseline_ArLimpo,25.3,48.0,627.0,704.0,671.0
16:49:16,Fase1_Baseline_ArLimpo,25.3,48.0,700.0,677.0,658.0
16:49:18,Fase1_Baseline_ArLimpo,25.3,48.0,611.0,675.0,661.0
16:49:20,Fase1_Baseline_ArLimpo,25.3,48.0,647.0,657.0,650.0
16:49:22,Fase1_Baseline_ArLimpo,25.3,48.0,629.0,685.0,663.0
16:49:24,Fase1_Baseline_ArLimpo,25.3,48.0,656.0,631.0,637.0
16:49:26,Fase1_Baseline_ArLimpo,25.3,48.0,660.0,686.0,688.0
16:49:28,Fase1_Baseline_ArLimpo,25.3,48.0,576.0,627.0,603.0
16:49:30,Fase1_Baseline_ArLimpo,25.3,48.0,710.0,720.0,695.0
16:49:32,Fase1_Baseline_ArLimpo,25.3,48.0,624.0,624.0,611.0
16:49:34,Fase1_Baseline_ArLimpo,25.3,48.0,606.0,638.0,618.0
16:49:36,Fase1_Baseline_ArLimpo,25.3,48.0,682.0,706.0,681.0
16:49:38,Fase1_Baseline_ArLimpo,25.3,48.0,576.0,594.0,576.0
16:49:40,Fase1_Baseline_ArLimpo,25.3,48.0,688.0,688.0,645.0
16:49:42,Fase1_Baseline_ArLimpo,25.3,48.0,597.0,647.0,651.0
16:49:44,Fase1_Baseline_ArLimpo,25.3,48.0,594.0,622.0,618.0
16:49:46,Fase1_Baseline_ArLimpo,25.3,48.0,653.0,685.0,679.0
16:49:48,Fase1_Baseline_ArLimpo,25.3,48.0,688.0,674.0,659.0
16:49:50,Fase1_Baseline_ArLimpo,25.3,48.0,688.0,656.0,679.0
16:49:52,Fase1_Baseline_ArLimpo,25.3,48.0,667.0,642.0,663.0
16:49:54,Fase1_Baseline_ArLimpo,25.3,48.0,659.0,662.0,647.0
16:49:56,Fase1_Baseline_ArLimpo,25.3,48.0,624.0,670.0,677.0
16:49:58,Fase1_Baseline_ArLimpo,25.3,48.0,661.0,670.0,638.0
16:50:00,Fase1_Baseline_ArLimpo,25.3,48.0,592.0,609.0,609.0
16:50:02,Fase1_Baseline_ArLimpo,25.3,48.0,613.0,647.0,631.0
16:50:04,Fase1_Baseline_ArLimpo,25.3,48.0,663.0,658.0,651.0
16:50:06,Fase1_Baseline_ArLimpo,25.3,48.0,688.0,709.0,656.0
16:50:08,Fase1_Baseline_ArLimpo,25.3,48.0,711.0,724.0,702.0
16:50:10,Fase1_Baseline_ArLimpo,25.3,48.0,656.0,688.0,667.0
16:50:12,Fase1_Baseline_ArLimpo,25.3,48.0,669.0,709.0,684.0
16:50:14,Fase1_Baseline_ArLimpo,25.4,48.0,637.0,642.0,684.0
16:50:16,Fase1_Baseline_ArLimpo,25.4,48.0,747.0,710.0,680.0
16:50:18,Fase1_Baseline_ArLimpo,25.5,48.0,720.0,722.0,705.0
16:50:21,Fase1_Baseline_ArLimpo,25.6,48.0,640.0,705.0,675.0
16:50:23,Fase1_Baseline_ArLimpo,25.7,48.0,640.0,656.0,653.0
16:50:25,Fase1_Baseline_ArLimpo,25.6,48.0,549.0,560.0,586.0
16:50:27,Fase1_Baseline_ArLimpo,25.7,48.0,607.0,637.0,579.0
16:50:29,Fase1_Baseline_ArLimpo,25.7,48.0,633.0,626.0,592.0
16:50:31,Fase1_Baseline_ArLimpo,25.8,48.0,561.0,627.0,612.0
16:50:33,Fase1_Baseline_ArLimpo,25.8,48.0,633.0,610.0,617.0
16:50:35,Fase1_Baseline_ArLimpo,25.8,48.0,560.0,626.0,621.0
16:50:37,Fase1_Baseline_ArLimpo,25.8,48.0,589.0,619.0,604.0
16:50:39,Fase1_Baseline_ArLimpo,25.8,48.0,529.0,593.0,597.0
16:50:41,Fase1_Baseline_ArLimpo,25.8,48.0,554.0,607.0,581.0
16:50:43,Fase1_Baseline_ArLimpo,25.8,48.0,581.0,576.0,577.0
16:50:45,Fase1_Baseline_ArLimpo,25.8,48.0,577.0,592.0,587.0
16:50:47,Fase1_Baseline_ArLimpo,25.8,48.0,583.0,623.0,619.0
16:50:49,Fase1_Baseline_ArLimpo,25.8,48.0,675.0,622.0,654.0
16:50:51,Fase1_Baseline_ArLimpo,25.8,48.0,642.0,639.0,613.0
16:50:53,Fase1_Baseline_ArLimpo,25.8,48.0,682.0,693.0,694.0
16:50:55,Fase1_Baseline_ArLimpo,25.8,48.0,815.0,784.0,784.0
16:50:57,Fase1_Baseline_ArLimpo,25.8,48.0,709.0,765.0,768.0
16:50:59,Fase1_Baseline_ArLimpo,25.8,48.0,527.0,557.0,511.0
16:51:01,Fase1_Baseline_ArLimpo,25.8,48.0,497.0,537.0,538.0
16:51:03,Fase1_Baseline_ArLimpo,25.8,48.0,496.0,496.0,463.0
16:51:05,Fase1_Baseline_ArLimpo,25.8,48.0,468.0,526.0,504.0
16:51:07,Fase1_Baseline_ArLimpo,25.8,48.0,498.0,510.0,505.0
16:51:09,Fase1_Baseline_ArLimpo,25.8,48.0,375.0,440.0,432.0
16:51:11,Fase1_Baseline_ArLimpo,25.8,48.0,688.0,701.0,689.0
16:51:13,Fase1_Baseline_ArLimpo,25.8,48.0,429.0,492.0,462.0
16:51:15,Fase1_Baseline_ArLimpo,25.8,48.0,499.0,605.0,577.0
16:51:17,Fase1_Baseline_ArLimpo,25.8,48.0,304.0,311.0,309.0
16:51:19,Fase1_Baseline_ArLimpo,25.5,48.0,287.0,299.0,273.0
16:51:21,Fase1_Baseline_ArLimpo,25.4,48.0,357.0,304.0,298.0
16:51:23,Fase1_Baseline_ArLimpo,25.4,48.0,269.0,315.0,310.0
16:51:25,Fase1_Baseline_ArLimpo,25.4,48.0,325.0,323.0,296.0
16:51:27,Fase1_Baseline_ArLimpo,25.4,48.0,255.0,303.0,306.0
16:51:29,Fase1_Baseline_ArLimpo,25.4,48.0,305.0,308.0,294.0
16:51:31,Fase1_Baseline_ArLimpo,25.4,48.0,256.0,290.0,309.0
16:51:33,Fase1_Baseline_ArLimpo,25.5,48.0,280.0,327.0,320.0
16:51:35,Fase1_Baseline_ArLimpo,25.5,48.0,368.0,305.0,320.0
16:51:37,Fase1_Baseline_ArLimpo,25.6,48.0,307.0,336.0,320.0
16:51:39,Fase1_Baseline_ArLimpo,25.7,48.0,335.0,362.0,326.0
16:51:42,Fase1_Baseline_ArLimpo,25.7,48.0,274.0,336.0,333.0
16:51:44,Fase1_Baseline_ArLimpo,25.7,48.0,311.0,311.0,315.0
16:51:46,Fase1_Baseline_ArLimpo,25.8,48.0,336.0,305.0,311.0
16:51:48,Fase1_Baseline_ArLimpo,25.8,48.0,337.0,330.0,323.0
16:51:50,Fase1_Baseline_ArLimpo,25.8,48.0,336.0,354.0,336.0
16:51:52,Fase1_Baseline_ArLimpo,25.8,48.0,319.0,373.0,372.0
16:51:54,Fase1_Baseline_ArLimpo,25.8,48.0,351.0,344.0,306.0
16:51:56,Fase1_Baseline_ArLimpo,25.8,48.0,342.0,368.0,380.0
16:51:58,Fase1_Baseline_ArLimpo,25.8,48.0,384.0,363.0,362.0
16:52:00,Fase1_Baseline_ArLimpo,25.8,48.0,346.0,347.0,355.0
16:52:02,Fase1_Baseline_ArLimpo,25.8,48.0,348.0,368.0,364.0
16:52:04,Fase1_Baseline_ArLimpo,25.8,48.0,303.0,296.0,289.0
16:52:06,Fase1_Baseline_ArLimpo,25.8,48.0,299.0,287.0,276.0
16:52:08,Fase1_Baseline_ArLimpo,25.8,48.0,269.0,319.0,307.0
16:52:10,Fase1_Baseline_ArLimpo,25.8,48.0,389.0,397.0,368.0
16:52:12,Fase1_Baseline_ArLimpo,25.8,48.0,321.0,361.0,338.0
16:52:14,Fase1_Baseline_ArLimpo,25.8,48.0,351.0,402.0,368.0
16:52:16,Fase1_Baseline_ArLimpo,25.8,48.0,378.0,391.0,391.0
16:52:18,Fase1_Baseline_ArLimpo,25.8,48.0,326.0,351.0,336.0
16:52:20,Fase1_Baseline_ArLimpo,25.8,48.0,334.0,339.0,363.0
16:52:22,Fase1_Baseline_ArLimpo,25.8,48.0,342.0,368.0,376.0
16:52:24,Fase1_Baseline_ArLimpo,25.8,48.0,309.0,336.0,285.0
16:52:26,Fase1_Baseline_ArLimpo,25.8,48.0,297.0,317.0,299.0
16:52:28,Fase1_Baseline_ArLimpo,25.8,48.0,272.0,350.0,320.0
16:52:30,Fase1_Baseline_ArLimpo,25.8,48.0,375.0,366.0,361.0
16:52:32,Fase1_Baseline_ArLimpo,25.8,48.0,266.0,336.0,299.0
16:52:34,Fase1_Baseline_ArLimpo,25.8,48.0,304.0,323.0,310.0
16:52:36,Fase1_Baseline_ArLimpo,25.8,48.0,348.0,353.0,318.0
16:52:38,Fase1_Baseline_ArLimpo,25.8,48.0,267.0,346.0,336.0
16:52:40,Fase1_Baseline_ArLimpo,25.8,48.0,338.0,341.0,317.0
16:52:42,Fase1_Baseline_ArLimpo,25.8,48.0,407.0,389.0,371.0
16:52:44,Fase1_Baseline_ArLimpo,25.8,48.0,415.0,379.0,382.0
16:52:46,Fase1_Baseline_ArLimpo,25.8,48.0,336.0,336.0,339.0
16:52:48,Fase1_Baseline_ArLimpo,25.8,48.0,304.0,384.0,368.0
16:52:50,Fase1_Baseline_ArLimpo,25.8,48.0,346.0,377.0,405.0
16:52:52,Fase1_Baseline_ArLimpo,25.8,48.0,341.0,381.0,385.0
16:52:54,Fase1_Baseline_ArLimpo,25.8,48.0,327.0,391.0,377.0
16:52:56,Fase1_Baseline_ArLimpo,25.8,48.0,366.0,391.0,375.0
16:52:58,Fase1_Baseline_ArLimpo,25.8,48.0,338.0,359.0,356.0
16:53:00,Fase1_Baseline_ArLimpo,25.8,48.0,260.0,280.0,273.0
16:53:03,Fase1_Baseline_ArLimpo,25.8,48.0,263.0,282.0,259.0
16:53:05,Fase1_Baseline_ArLimpo,25.8,48.0,278.0,277.0,266.0
16:53:07,Fase1_Baseline_ArLimpo,25.8,48.0,258.0,272.0,262.0
16:53:09,Fase1_Baseline_ArLimpo,25.8,48.0,284.0,277.0,265.0
16:53:11,Fase1_Baseline_ArLimpo,25.8,48.0,253.0,272.0,272.0
16:53:13,Fase1_Baseline_ArLimpo,25.8,48.0,241.0,281.0,259.0
16:53:15,Fase1_Baseline_ArLimpo,25.8,48.0,249.0,283.0,261.0
16:53:17,Fase1_Baseline_ArLimpo,25.8,48.0,270.0,277.0,266.0
16:53:19,Fase1_Baseline_ArLimpo,25.8,48.0,240.0,283.0,265.0
16:53:21,Fase1_Baseline_ArLimpo,25.8,48.0,300.0,273.0,258.0
16:53:23,Fase1_Baseline_ArLimpo,25.8,48.0,240.0,267.0,247.0
16:53:25,Fase1_Baseline_ArLimpo,25.8,48.0,306.0,272.0,272.0
16:53:27,Fase1_Baseline_ArLimpo,25.8,48.0,260.0,322.0,265.0
16:53:29,Fase1_Baseline_ArLimpo,25.7,48.0,288.0,304.0,286.0
16:53:31,Fase1_Baseline_ArLimpo,25.7,48.0,257.0,322.0,285.0
16:53:33,Fase1_Baseline_ArLimpo,25.6,48.0,243.0,289.0,278.0
16:53:35,Fase1_Baseline_ArLimpo,25.5,48.0,240.0,301.0,266.0
16:53:37,Fase1_Baseline_ArLimpo,25.5,48.0,215.0,256.0,256.0
16:53:39,Fase1_Baseline_ArLimpo,25.5,48.0,272.0,256.0,246.0
16:53:41,Fase1_Baseline_ArLimpo,25.5,48.0,234.0,270.0,265.0
16:53:43,Fase1_Baseline_ArLimpo,25.4,48.0,261.0,265.0,258.0
16:53:45,Fase1_Baseline_ArLimpo,25.4,48.0,255.0,277.0,269.0
16:53:47,Fase1_Baseline_ArLimpo,25.4,48.0,286.0,286.0,272.0
16:53:49,Fase1_Baseline_ArLimpo,25.4,48.0,246.0,297.0,272.0
16:53:51,Fase1_Baseline_ArLimpo,25.3,48.0,293.0,317.0,283.0
16:53:53,Fase1_Baseline_ArLimpo,25.3,48.0,259.0,288.0,283.0
16:53:55,Fase1_Baseline_ArLimpo,25.3,48.0,282.0,303.0,288.0
16:53:57,Fase1_Baseline_ArLimpo,25.3,48.0,317.0,292.0,285.0
16:53:59,Fase1_Baseline_ArLimpo,25.3,48.0,274.0,279.0,289.0
16:54:01,Fase1_Baseline_ArLimpo,25.3,48.0,299.0,289.0,290.0
16:54:03,Fase1_Baseline_ArLimpo,25.3,48.0,308.0,320.0,292.0
16:54:05,Fase1_Baseline_ArLimpo,25.3,48.0,297.0,309.0,294.0
16:54:07,Fase1_Baseline_ArLimpo,25.3,48.0,302.0,316.0,304.0
16:54:09,Fase1_Baseline_ArLimpo,25.3,48.0,331.0,320.0,304.0
16:54:11,Fase1_Baseline_ArLimpo,25.3,48.0,330.0,311.0,314.0
16:54:13,Fase1_Baseline_ArLimpo,25.3,48.0,329.0,330.0,307.0
16:54:15,Fase1_Baseline_ArLimpo,25.3,48.0,284.0,306.0,314.0
16:54:17,Fase1_Baseline_ArLimpo,25.3,48.0,336.0,331.0,320.0
16:54:19,Fase1_Baseline_ArLimpo,25.3,48.0,291.0,367.0,307.0
16:54:21,Fase1_Baseline_ArLimpo,25.3,48.0,315.0,339.0,306.0
16:54:24,Fase1_Baseline_ArLimpo,25.3,48.0,298.0,338.0,329.0
16:54:26,Fase1_Baseline_ArLimpo,25.3,48.0,326.0,332.0,325.0
16:54:28,Fase1_Baseline_ArLimpo,25.3,48.0,320.0,326.0,322.0
16:54:30,Fase1_Baseline_ArLimpo,25.3,48.0,301.0,337.0,313.0
16:54:32,Fase1_Baseline_ArLimpo,25.3,48.0,323.0,322.0,319.0
16:54:34,Fase1_Baseline_ArLimpo,25.3,48.0,289.0,351.0,323.0
16:54:36,Fase1_Baseline_ArLimpo,25.3,48.0,325.0,334.0,335.0
16:54:38,Fase1_Baseline_ArLimpo,25.3,48.0,279.0,346.0,325.0
16:54:40,Fase1_Baseline_ArLimpo,25.3,48.0,327.0,334.0,304.0
16:54:42,Fase1_Baseline_ArLimpo,25.3,48.0,315.0,336.0,333.0
16:54:44,Fase1_Baseline_ArLimpo,25.3,48.0,351.0,327.0,295.0
16:54:46,Fase1_Baseline_ArLimpo,25.3,48.0,346.0,352.0,326.0
16:54:48,Fase1_Baseline_ArLimpo,25.3,48.0,337.0,333.0,315.0
16:54:50,Fase1_Baseline_ArLimpo,25.3,48.0,315.0,380.0,356.0
16:54:52,Fase1_Baseline_ArLimpo,25.3,48.0,359.0,350.0,322.0
16:54:54,Fase1_Baseline_ArLimpo,25.3,48.0,283.0,326.0,299.0
16:54:56,Fase1_Baseline_ArLimpo,25.3,48.0,334.0,313.0,311.0
16:54:58,Fase1_Baseline_ArLimpo,25.3,48.0,298.0,321.0,301.0
16:55:00,Fase1_Baseline_ArLimpo,25.3,48.0,302.0,307.0,297.0
16:55:02,Fase1_Baseline_ArLimpo,25.3,48.0,256.0,287.0,282.0
16:55:04,Fase1_Baseline_ArLimpo,25.3,48.0,299.0,304.0,299.0
16:55:06,Fase1_Baseline_ArLimpo,25.3,48.0,321.0,291.0,286.0
16:55:08,Fase1_Baseline_ArLimpo,25.3,48.0,304.0,277.0,283.0
16:55:10,Fase1_Baseline_ArLimpo,25.3,48.0,291.0,304.0,276.0
16:55:12,Fase1_Baseline_ArLimpo,25.3,48.0,282.0,288.0,276.0
16:55:14,Fase1_Baseline_ArLimpo,25.3,48.0,283.0,273.0,270.0
16:55:16,Fase1_Baseline_ArLimpo,25.3,48.0,240.0,294.0,272.0
16:55:18,Fase1_Baseline_ArLimpo,25.3,48.0,239.0,288.0,270.0
16:55:20,Fase1_Baseline_ArLimpo,25.3,48.0,240.0,288.0,278.0
16:55:22,Fase1_Baseline_ArLimpo,25.3,48.0,297.0,293.0,283.0
16:55:24,Fase1_Baseline_ArLimpo,25.3,48.0,304.0,301.0,300.0
16:55:26,Fase1_Baseline_ArLimpo,25.3,48.0,312.0,346.0,309.0
16:55:28,Fase1_Baseline_ArLimpo,25.3,48.0,346.0,335.0,304.0
16:55:30,Fase1_Baseline_ArLimpo,25.3,48.0,273.0,336.0,320.0
16:55:32,Fase1_Baseline_ArLimpo,25.3,48.0,337.0,323.0,306.0
16:55:34,Fase1_Baseline_ArLimpo,25.3,48.0,297.0,319.0,314.0
16:55:36,Fase1_Baseline_ArLimpo,25.3,48.0,306.0,309.0,291.0
16:55:38,Fase1_Baseline_ArLimpo,25.3,48.0,254.0,330.0,317.0
16:55:40,Fase1_Baseline_ArLimpo,25.3,48.0,317.0,316.0,306.0
16:55:42,Fase1_Baseline_ArLimpo,25.3,48.0,278.0,332.0,315.0
16:55:45,Fase1_Baseline_ArLimpo,25.3,48.0,331.0,304.0,294.0
16:55:47,Fase1_Baseline_ArLimpo,25.3,48.0,301.0,307.0,304.0
16:55:49,Fase1_Baseline_ArLimpo,25.3,48.0,317.0,330.0,312.0
16:55:51,Fase1_Baseline_ArLimpo,25.3,48.0,271.0,337.0,320.0
16:55:53,Fase1_Baseline_ArLimpo,25.3,48.0,311.0,368.0,342.0
16:55:55,Fase1_Baseline_ArLimpo,25.3,48.0,251.0,304.0,317.0
16:55:57,Fase1_Baseline_ArLimpo,25.3,48.0,320.0,304.0,297.0
16:55:59,Fase1_Baseline_ArLimpo,25.3,48.0,259.0,305.0,308.0
16:56:01,Fase1_Baseline_ArLimpo,25.3,48.0,303.0,325.0,304.0
16:56:03,Fase1_Baseline_ArLimpo,25.3,48.0,299.0,317.0,302.0
16:56:05,Fase1_Baseline_ArLimpo,25.3,48.0,333.0,324.0,281.0
16:56:07,Fase1_Baseline_ArLimpo,25.3,48.0,341.0,310.0,289.0
16:56:09,Fase1_Baseline_ArLimpo,25.3,48.0,254.0,306.0,290.0
16:56:11,Fase1_Baseline_ArLimpo,25.3,48.0,304.0,318.0,285.0
16:56:13,Fase1_Baseline_ArLimpo,25.3,48.0,278.0,294.0,302.0
16:56:15,Fase1_Baseline_ArLimpo,25.3,48.0,315.0,320.0,245.0
16:56:17,Fase1_Baseline_ArLimpo,25.3,48.0,293.0,303.0,287.0
16:56:19,Fase1_Baseline_ArLimpo,25.3,48.0,323.0,322.0,289.0
16:56:21,Fase1_Baseline_ArLimpo,25.3,48.0,286.0,304.0,274.0
16:56:23,Fase1_Baseline_ArLimpo,25.3,48.0,329.0,304.0,302.0
16:56:25,Fase1_Baseline_ArLimpo,25.3,48.0,276.0,320.0,301.0
16:56:27,Fase1_Baseline_ArLimpo,25.3,48.0,256.0,315.0,287.0
16:56:29,Fase1_Baseline_ArLimpo,25.3,48.0,313.0,295.0,285.0
16:56:31,Fase1_Baseline_ArLimpo,25.3,48.0,284.0,305.0,303.0
16:56:33,Fase1_Baseline_ArLimpo,25.3,48.0,323.0,282.0,283.0
16:56:35,Fase1_Baseline_ArLimpo,25.3,48.0,304.0,302.0,304.0
16:56:37,Fase1_Baseline_ArLimpo,25.3,48.0,293.0,321.0,284.0
16:56:39,Fase1_Baseline_ArLimpo,25.3,48.0,278.0,314.0,304.0
16:56:41,Fase1_Baseline_ArLimpo,25.3,48.0,311.0,294.0,299.0
16:56:43,Fase1_Baseline_ArLimpo,25.3,48.0,267.0,320.0,304.0
16:56:45,Fase1_Baseline_ArLimpo,25.3,48.0,247.0,293.0,304.0
16:56:47,Fase1_Baseline_ArLimpo,25.3,48.0,272.0,298.0,288.0
16:56:49,Fase1_Baseline_ArLimpo,25.3,48.0,295.0,316.0,306.0
16:56:51,Fase1_Baseline_ArLimpo,25.3,48.0,256.0,311.0,311.0
16:56:53,Fase1_Baseline_ArLimpo,25.3,48.0,290.0,297.0,291.0
16:56:55,Fase1_Baseline_ArLimpo,25.3,48.0,255.0,305.0,303.0
16:56:57,Fase1_Baseline_ArLimpo,25.3,48.0,322.0,304.0,304.0
16:56:59,Fase1_Baseline_ArLimpo,25.3,48.0,333.0,330.0,326.0
16:57:01,Fase1_Baseline_ArLimpo,25.3,48.0,315.0,351.0,323.0
16:57:03,Fase1_Baseline_ArLimpo,25.3,48.0,337.0,317.0,304.0
16:57:06,Fase1_Baseline_ArLimpo,25.3,48.0,318.0,349.0,325.0
16:57:08,Fase1_Baseline_ArLimpo,25.3,48.0,332.0,341.0,342.0
16:57:10,Fase1_Baseline_ArLimpo,25.3,48.0,303.0,358.0,336.0
16:57:12,Fase1_Baseline_ArLimpo,25.3,48.0,335.0,347.0,325.0
16:57:14,Fase1_Baseline_ArLimpo,25.3,48.0,305.0,331.0,318.0
16:57:16,Fase1_Baseline_ArLimpo,25.3,48.0,304.0,310.0,329.0
16:57:18,Fase1_Baseline_ArLimpo,25.3,48.0,304.0,299.0,303.0
16:57:20,Fase1_Baseline_ArLimpo,25.3,48.0,329.0,320.0,320.0
16:57:22,Fase1_Baseline_ArLimpo,25.3,48.0,294.0,343.0,315.0
16:57:24,Fase1_Baseline_ArLimpo,25.3,48.0,286.0,317.0,298.0
16:57:26,Fase1_Baseline_ArLimpo,25.3,48.0,284.0,316.0,320.0
16:57:28,Fase1_Baseline_ArLimpo,25.3,48.0,287.0,288.0,285.0
16:57:30,Fase1_Baseline_ArLimpo,25.3,48.0,273.0,297.0,276.0
16:57:32,Fase1_Baseline_ArLimpo,25.3,48.0,281.0,290.0,293.0
16:57:34,Fase1_Baseline_ArLimpo,25.3,48.0,240.0,292.0,298.0
16:57:36,Fase1_Baseline_ArLimpo,25.3,48.0,304.0,302.0,295.0
16:57:38,Fase1_Baseline_ArLimpo,25.3,48.0,273.0,304.0,282.0
16:57:40,Fase1_Baseline_ArLimpo,25.3,48.0,307.0,316.0,282.0
16:57:42,Fase1_Baseline_ArLimpo,25.3,48.0,275.0,294.0,278.0
16:57:44,Fase1_Baseline_ArLimpo,25.3,48.0,275.0,306.0,292.0
17:06:48,Fase2_Exposicao_Etanol,4.8,48.0,296.0,302.0,290.0
17:06:48,Fase2_Exposicao_Etanol,24.8,48.0,272.0,277.0,275.0
17:06:48,Fase2_Exposicao_Etanol,24.8,48.0,282.0,298.0,273.0
17:06:48,Fase2_Exposicao_Etanol,24.8,48.0,274.0,304.0,291.0
17:06:48,Fase2_Exposicao_Etanol,24.8,48.0,275.0,304.0,269.0
17:06:48,Fase2_Exposicao_Etanol,24.8,48.0,291.0,289.0,294.0
17:06:48,Fase2_Exposicao_Etanol,24.8,48.0,258.0,306.0,275.0
17:06:48,Fase2_Exposicao_Etanol,24.8,48.0,294.0,298.0,272.0
17:06:48,Fase2_Exposicao_Etanol,24.8,48.0,311.0,288.0,293.0
17:06:48,Fase2_Exposicao_Etanol,24.8,48.0,315.0,315.0,275.0
17:06:48,Fase2_Exposicao_Etanol,24.8,48.0,286.0,293.0,296.0
17:06:48,Fase2_Exposicao_Etanol,24.8,48.0,304.0,309.0,297.0
17:06:48,Fase2_Exposicao_Etanol,24.6,48.0,288.0,320.0,293.0
17:06:48,Fase2_Exposicao_Etanol,24.5,48.0,284.0,,304.0
17:06:48,Fase2_Exposicao_Etanol,24.5,48.0,304.0,327.0,302.0
17:06:48,Fase2_Exposicao_Etanol,24.5,48.0,261.0,315.0,302.0
17:06:48,Fase2_Exposicao_Etanol,24.5,48.0,309.0,322.0,294.0
17:06:48,Fase2_Exposicao_Etanol,24.5,48.0,279.0,307.0,309.0
17:06:48,Fase2_Exposicao_Etanol,24.5,48.0,304.0,313.0,2.0
17:06:49,Fase2_Exposicao_Etanol,925.3,48.0,222.0,236.0,222.0
17:06:51,Fase2_Exposicao_Etanol,25.3,48.0,230.0,264.0,224.0
17:06:53,Fase2_Exposicao_Etanol,25.3,48.0,246.0,261.0,241.0
17:06:55,Fase2_Exposicao_Etanol,25.3,48.0,320.0,325.0,301.0
17:06:57,Fase2_Exposicao_Etanol,25.3,48.0,336.0,346.0,330.0
17:06:59,Fase2_Exposicao_Etanol,25.3,48.0,372.0,370.0,371.0
17:07:01,Fase2_Exposicao_Etanol,25.3,48.0,353.0,367.0,347.0
17:07:03,Fase2_Exposicao_Etanol,25.3,48.0,295.0,310.0,289.0
17:07:05,Fase2_Exposicao_Etanol,25.3,48.0,278.0,304.0,272.0
17:07:07,Fase2_Exposicao_Etanol,25.3,48.0,270.0,295.0,272.0
17:07:09,Fase2_Exposicao_Etanol,25.3,48.0,281.0,297.0,276.0
17:07:11,Fase2_Exposicao_Etanol,25.3,48.0,291.0,288.0,282.0
17:07:13,Fase2_Exposicao_Etanol,25.3,48.0,285.0,304.0,288.0
17:07:15,Fase2_Exposicao_Etanol,25.3,48.0,290.0,299.0,279.0
17:07:17,Fase2_Exposicao_Etanol,25.3,48.0,283.0,308.0,287.0
17:07:19,Fase2_Exposicao_Etanol,25.3,48.0,294.0,298.0,283.0
17:07:21,Fase2_Exposicao_Etanol,25.3,48.0,272.0,295.0,256.0
17:07:23,Fase2_Exposicao_Etanol,25.3,48.0,298.0,319.0,290.0
17:07:25,Fase2_Exposicao_Etanol,25.3,48.0,379.0,384.0,342.0
17:07:27,Fase2_Exposicao_Etanol,25.3,48.0,314.0,329.0,281.0
17:07:29,Fase2_Exposicao_Etanol,25.3,48.0,262.0,289.0,250.0
17:07:31,Fase2_Exposicao_Etanol,25.3,48.0,247.0,277.0,248.0
17:07:33,Fase2_Exposicao_Etanol,25.3,48.0,177.0,202.0,176.0
17:07:35,Fase2_Exposicao_Etanol,25.3,48.0,174.0,192.0,170.0
17:07:37,Fase2_Exposicao_Etanol,25.3,48.0,176.0,202.0,159.0
17:07:39,Fase2_Exposicao_Etanol,25.3,48.0,171.0,203.0,172.0
17:07:41,Fase2_Exposicao_Etanol,25.3,48.0,176.0,188.0,144.0
17:07:43,Fase2_Exposicao_Etanol,25.3,48.0,176.0,169.0,176.0
17:07:45,Fase2_Exposicao_Etanol,25.3,48.0,173.0,214.0,155.0
17:07:47,Fase2_Exposicao_Etanol,25.2,48.0,202.0,179.0,160.0
17:07:49,Fase2_Exposicao_Etanol,25.1,48.0,175.0,193.0,170.0
17:07:51,Fase2_Exposicao_Etanol,25.0,48.0,174.0,190.0,163.0
17:07:53,Fase2_Exposicao_Etanol,24.9,48.0,172.0,171.0,179.0
17:07:56,Fase2_Exposicao_Etanol,24.9,48.0,174.0,176.0,170.0
17:07:58,Fase2_Exposicao_Etanol,24.9,48.0,174.0,186.0,183.0
17:08:00,Fase2_Exposicao_Etanol,24.9,48.0,172.0,190.0,165.0
17:08:02,Fase2_Exposicao_Etanol,24.9,48.0,177.0,195.0,187.0
17:08:04,Fase2_Exposicao_Etanol,24.9,48.0,174.0,192.0,175.0
17:08:06,Fase2_Exposicao_Etanol,24.9,48.0,172.0,186.0,176.0
17:08:08,Fase2_Exposicao_Etanol,24.8,48.0,173.0,189.0,176.0
17:08:10,Fase2_Exposicao_Etanol,24.9,48.0,175.0,179.0,176.0
17:08:12,Fase2_Exposicao_Etanol,24.9,48.0,172.0,187.0,171.0
17:08:14,Fase2_Exposicao_Etanol,24.8,48.0,171.0,192.0,176.0
17:08:16,Fase2_Exposicao_Etanol,24.9,48.0,187.0,176.0,160.0
17:08:18,Fase2_Exposicao_Etanol,24.9,48.0,179.0,183.0,186.0
17:08:20,Fase2_Exposicao_Etanol,24.9,48.0,169.0,189.0,183.0
17:08:22,Fase2_Exposicao_Etanol,24.9,48.0,210.0,179.0,163.0
17:08:24,Fase2_Exposicao_Etanol,24.9,48.0,186.0,182.0,174.0
17:08:26,Fase2_Exposicao_Etanol,24.9,48.0,178.0,198.0,176.0
17:08:28,Fase2_Exposicao_Etanol,24.9,48.0,206.0,181.0,180.0
17:08:30,Fase2_Exposicao_Etanol,24.9,48.0,180.0,202.0,185.0
17:08:32,Fase2_Exposicao_Etanol,24.9,48.0,191.0,198.0,189.0
17:08:34,Fase2_Exposicao_Etanol,24.9,48.0,190.0,194.0,208.0
17:08:36,Fase2_Exposicao_Etanol,24.9,48.0,185.0,233.0,191.0
17:08:38,Fase2_Exposicao_Etanol,24.9,48.0,202.0,207.0,192.0
17:08:40,Fase2_Exposicao_Etanol,24.9,48.0,199.0,208.0,198.0
17:08:42,Fase2_Exposicao_Etanol,24.9,48.0,193.0,195.0,208.0
17:08:44,Fase2_Exposicao_Etanol,24.9,48.0,192.0,203.0,195.0
17:08:46,Fase2_Exposicao_Etanol,25.0,48.0,193.0,215.0,207.0
17:08:48,Fase2_Exposicao_Etanol,25.1,48.0,193.0,214.0,201.0
17:08:50,Fase2_Exposicao_Etanol,25.2,48.0,205.0,209.0,201.0
17:08:52,Fase2_Exposicao_Etanol,25.3,48.0,203.0,230.0,194.0
17:08:54,Fase2_Exposicao_Etanol,25.3,48.0,217.0,178.0,201.0
17:08:56,Fase2_Exposicao_Etanol,25.3,48.0,208.0,218.0,208.0
17:08:58,Fase2_Exposicao_Etanol,25.3,48.0,209.0,198.0,215.0
17:09:00,Fase2_Exposicao_Etanol,25.3,48.0,209.0,212.0,194.0
17:09:02,Fase2_Exposicao_Etanol,25.3,48.0,192.0,223.0,197.0
17:09:04,Fase2_Exposicao_Etanol,25.3,48.0,201.0,206.0,208.0
17:09:06,Fase2_Exposicao_Etanol,25.3,48.0,205.0,223.0,202.0
17:09:08,Fase2_Exposicao_Etanol,25.3,48.0,208.0,218.0,191.0
17:09:10,Fase2_Exposicao_Etanol,25.3,48.0,201.0,207.0,203.0
17:09:12,Fase2_Exposicao_Etanol,25.3,48.0,206.0,232.0,208.0
17:09:14,Fase2_Exposicao_Etanol,25.3,48.0,219.0,209.0,198.0
17:09:17,Fase2_Exposicao_Etanol,25.3,48.0,210.0,240.0,220.0
17:09:19,Fase2_Exposicao_Etanol,25.3,48.0,205.0,224.0,208.0
17:09:21,Fase2_Exposicao_Etanol,25.3,48.0,208.0,204.0,208.0
17:09:23,Fase2_Exposicao_Etanol,25.3,48.0,205.0,218.0,199.0
17:09:25,Fase2_Exposicao_Etanol,25.3,48.0,211.0,211.0,202.0
17:09:27,Fase2_Exposicao_Etanol,25.3,48.0,221.0,240.0,210.0
17:09:29,Fase2_Exposicao_Etanol,25.3,48.0,209.0,214.0,199.0
17:09:31,Fase2_Exposicao_Etanol,25.3,48.0,214.0,219.0,207.0
17:09:33,Fase2_Exposicao_Etanol,25.3,48.0,219.0,226.0,209.0
17:09:35,Fase2_Exposicao_Etanol,25.3,48.0,208.0,240.0,197.0
17:09:37,Fase2_Exposicao_Etanol,25.3,48.0,214.0,227.0,210.0
17:09:39,Fase2_Exposicao_Etanol,25.3,48.0,217.0,237.0,190.0
17:09:41,Fase2_Exposicao_Etanol,25.3,48.0,215.0,222.0,213.0
17:09:43,Fase2_Exposicao_Etanol,25.3,48.0,214.0,228.0,208.0
17:09:45,Fase2_Exposicao_Etanol,25.3,48.0,211.0,219.0,212.0
17:09:47,Fase2_Exposicao_Etanol,25.3,48.0,213.0,231.0,212.0
17:09:49,Fase2_Exposicao_Etanol,25.3,48.0,216.0,219.0,207.0
17:09:51,Fase2_Exposicao_Etanol,25.3,48.0,215.0,224.0,225.0
17:09:53,Fase2_Exposicao_Etanol,25.3,48.0,231.0,178.0,228.0
17:09:55,Fase2_Exposicao_Etanol,25.3,48.0,227.0,234.0,198.0
17:09:57,Fase2_Exposicao_Etanol,25.3,48.0,219.0,227.0,211.0
17:09:59,Fase2_Exposicao_Etanol,25.3,48.0,224.0,218.0,208.0
17:10:01,Fase2_Exposicao_Etanol,25.3,48.0,214.0,217.0,230.0
17:10:03,Fase2_Exposicao_Etanol,25.3,48.0,218.0,214.0,212.0
17:10:05,Fase2_Exposicao_Etanol,25.3,48.0,218.0,224.0,211.0
17:10:07,Fase2_Exposicao_Etanol,25.3,48.0,219.0,225.0,206.0
17:10:09,Fase2_Exposicao_Etanol,25.3,48.0,226.0,239.0,202.0
17:10:11,Fase2_Exposicao_Etanol,25.3,48.0,219.0,217.0,214.0
17:10:13,Fase2_Exposicao_Etanol,25.3,48.0,225.0,214.0,194.0
17:10:15,Fase2_Exposicao_Etanol,25.3,48.0,251.0,225.0,209.0
17:10:17,Fase2_Exposicao_Etanol,25.3,48.0,222.0,214.0,246.0
17:10:19,Fase2_Exposicao_Etanol,25.3,48.0,215.0,213.0,206.0
17:10:21,Fase2_Exposicao_Etanol,25.3,48.0,208.0,220.0,224.0
17:10:23,Fase2_Exposicao_Etanol,25.3,48.0,234.0,218.0,192.0
17:10:25,Fase2_Exposicao_Etanol,25.3,48.0,208.0,225.0,222.0
17:10:27,Fase2_Exposicao_Etanol,25.3,48.0,220.0,229.0,207.0
17:10:29,Fase2_Exposicao_Etanol,25.3,48.0,212.0,230.0,214.0
17:10:31,Fase2_Exposicao_Etanol,25.3,48.0,223.0,226.0,210.0
17:10:33,Fase2_Exposicao_Etanol,25.3,48.0,215.0,230.0,224.0
17:10:35,Fase2_Exposicao_Etanol,25.3,48.0,222.0,224.0,213.0
17:10:38,Fase2_Exposicao_Etanol,25.3,48.0,193.0,246.0,207.0
17:10:40,Fase2_Exposicao_Etanol,25.3,48.0,238.0,237.0,219.0
17:10:42,Fase2_Exposicao_Etanol,25.3,48.0,222.0,199.0,214.0
17:10:44,Fase2_Exposicao_Etanol,25.3,48.0,213.0,222.0,215.0
17:10:46,Fase2_Exposicao_Etanol,25.3,48.0,214.0,230.0,211.0
17:10:48,Fase2_Exposicao_Etanol,25.3,48.0,219.0,227.0,214.0
17:10:50,Fase2_Exposicao_Etanol,25.3,48.0,214.0,209.0,209.0
17:10:52,Fase2_Exposicao_Etanol,25.3,48.0,224.0,211.0,221.0
17:10:54,Fase2_Exposicao_Etanol,25.3,48.0,223.0,236.0,225.0
17:10:56,Fase2_Exposicao_Etanol,25.3,48.0,227.0,225.0,214.0
17:10:58,Fase2_Exposicao_Etanol,25.3,48.0,223.0,243.0,208.0
17:11:00,Fase2_Exposicao_Etanol,25.3,48.0,221.0,240.0,225.0
17:11:02,Fase2_Exposicao_Etanol,25.3,48.0,235.0,240.0,220.0
17:11:04,Fase2_Exposicao_Etanol,25.3,48.0,225.0,224.0,230.0
17:11:06,Fase2_Exposicao_Etanol,25.3,48.0,231.0,227.0,221.0
17:11:08,Fase2_Exposicao_Etanol,25.3,48.0,222.0,218.0,220.0
17:11:10,Fase2_Exposicao_Etanol,25.3,48.0,226.0,240.0,223.0
17:11:12,Fase2_Exposicao_Etanol,25.3,48.0,219.0,240.0,223.0
17:11:14,Fase2_Exposicao_Etanol,25.3,48.0,223.0,237.0,208.0
17:11:16,Fase2_Exposicao_Etanol,25.3,48.0,224.0,222.0,238.0
17:11:18,Fase2_Exposicao_Etanol,25.3,48.0,227.0,246.0,206.0
17:11:20,Fase2_Exposicao_Etanol,25.3,48.0,227.0,263.0,226.0
17:11:22,Fase2_Exposicao_Etanol,25.3,48.0,226.0,225.0,209.0
17:11:24,Fase2_Exposicao_Etanol,25.3,48.0,234.0,228.0,223.0
17:11:26,Fase2_Exposicao_Etanol,25.3,48.0,225.0,240.0,218.0
17:11:28,Fase2_Exposicao_Etanol,25.3,48.0,222.0,221.0,225.0
17:11:30,Fase2_Exposicao_Etanol,25.3,48.0,226.0,231.0,225.0
17:11:32,Fase2_Exposicao_Etanol,25.3,48.0,227.0,240.0,223.0
17:11:34,Fase2_Exposicao_Etanol,25.3,48.0,228.0,240.0,231.0
17:11:36,Fase2_Exposicao_Etanol,25.3,48.0,240.0,231.0,207.0
17:11:38,Fase2_Exposicao_Etanol,25.3,48.0,240.0,230.0,231.0
17:11:40,Fase2_Exposicao_Etanol,25.3,48.0,215.0,227.0,233.0
17:11:42,Fase2_Exposicao_Etanol,25.3,48.0,226.0,254.0,227.0
17:11:44,Fase2_Exposicao_Etanol,25.3,48.0,230.0,254.0,222.0
17:11:46,Fase2_Exposicao_Etanol,25.3,48.0,231.0,271.0,221.0
17:11:48,Fase2_Exposicao_Etanol,25.3,48.0,221.0,246.0,223.0
17:11:50,Fase2_Exposicao_Etanol,25.3,48.0,231.0,244.0,234.0
17:11:52,Fase2_Exposicao_Etanol,25.3,48.0,253.0,240.0,228.0
17:11:54,Fase2_Exposicao_Etanol,25.3,48.0,240.0,240.0,214.0
17:11:56,Fase2_Exposicao_Etanol,25.3,48.0,233.0,239.0,239.0
17:11:59,Fase2_Exposicao_Etanol,25.3,48.0,230.0,258.0,227.0
17:12:01,Fase2_Exposicao_Etanol,25.3,48.0,237.0,230.0,248.0
17:12:03,Fase2_Exposicao_Etanol,25.3,48.0,231.0,251.0,225.0
17:12:05,Fase2_Exposicao_Etanol,25.3,48.0,234.0,247.0,218.0
17:12:07,Fase2_Exposicao_Etanol,25.3,48.0,240.0,243.0,230.0
17:12:09,Fase2_Exposicao_Etanol,25.3,48.0,237.0,241.0,234.0
17:12:11,Fase2_Exposicao_Etanol,25.3,48.0,239.0,254.0,241.0
17:12:13,Fase2_Exposicao_Etanol,25.3,48.0,230.0,245.0,228.0
17:12:15,Fase2_Exposicao_Etanol,25.3,48.0,234.0,251.0,254.0
17:12:17,Fase2_Exposicao_Etanol,25.3,48.0,239.0,233.0,225.0
17:12:19,Fase2_Exposicao_Etanol,25.3,48.0,237.0,243.0,243.0
17:12:21,Fase2_Exposicao_Etanol,25.3,48.0,242.0,239.0,222.0
17:12:23,Fase2_Exposicao_Etanol,25.3,48.0,240.0,237.0,239.0
17:12:25,Fase2_Exposicao_Etanol,25.3,48.0,225.0,240.0,237.0
17:12:27,Fase2_Exposicao_Etanol,25.3,48.0,240.0,246.0,243.0
17:12:29,Fase2_Exposicao_Etanol,25.3,48.0,234.0,254.0,235.0
17:12:31,Fase2_Exposicao_Etanol,25.3,48.0,250.0,257.0,239.0
17:12:33,Fase2_Exposicao_Etanol,25.3,48.0,242.0,245.0,230.0
17:12:35,Fase2_Exposicao_Etanol,25.3,48.0,228.0,251.0,240.0
17:12:37,Fase2_Exposicao_Etanol,25.1,48.0,242.0,254.0,240.0
17:12:39,Fase2_Exposicao_Etanol,24.9,48.0,263.0,266.0,234.0
17:12:41,Fase2_Exposicao_Etanol,24.9,48.0,240.0,240.0,237.0
17:12:43,Fase2_Exposicao_Etanol,24.8,48.0,240.0,269.0,235.0
17:12:45,Fase2_Exposicao_Etanol,24.8,48.0,267.0,240.0,246.0
17:12:47,Fase2_Exposicao_Etanol,24.8,48.0,243.0,268.0,237.0
17:12:49,Fase2_Exposicao_Etanol,24.8,48.0,260.0,243.0,251.0
17:12:51,Fase2_Exposicao_Etanol,24.8,48.0,,261.0,241.0
17:12:53,Fase2_Exposicao_Etanol,24.8,48.0,246.0,257.0,240.0
17:12:55,Fase2_Exposicao_Etanol,24.8,48.0,254.0,259.0,246.0
17:12:57,Fase2_Exposicao_Etanol,24.8,48.0,263.0,266.0,245.0
17:12:59,Fase2_Exposicao_Etanol,24.8,48.0,275.0,291.0,272.0
17:13:01,Fase2_Exposicao_Etanol,24.8,48.0,304.0,311.0,288.0
17:13:03,Fase2_Exposicao_Etanol,24.8,48.0,283.0,291.0,272.0
17:13:05,Fase2_Exposicao_Etanol,24.8,48.0,307.0,299.0,288.0
17:13:07,Fase2_Exposicao_Etanol,24.8,48.0,269.0,272.0,272.0
17:13:09,Fase2_Exposicao_Etanol,24.8,48.0,273.0,271.0,280.0
17:13:11,Fase2_Exposicao_Etanol,24.8,48.0,273.0,319.0,289.0
17:13:13,Fase2_Exposicao_Etanol,24.8,48.0,272.0,265.0,263.0
17:13:15,Fase2_Exposicao_Etanol,24.8,48.0,293.0,295.0,300.0
17:13:17,Fase2_Exposicao_Etanol,24.8,48.0,272.0,273.0,277.0
17:13:20,Fase2_Exposicao_Etanol,24.8,48.0,308.0,304.0,297.0
17:13:22,Fase2_Exposicao_Etanol,24.8,48.0,257.0,281.0,266.0
17:13:24,Fase2_Exposicao_Etanol,24.8,48.0,272.0,273.0,258.0
17:13:26,Fase2_Exposicao_Etanol,24.8,48.0,287.0,299.0,291.0
17:13:28,Fase2_Exposicao_Etanol,24.8,48.0,282.0,289.0,288.0
17:13:30,Fase2_Exposicao_Etanol,24.8,48.0,272.0,272.0,254.0
17:13:32,Fase2_Exposicao_Etanol,24.8,48.0,273.0,294.0,277.0
17:13:34,Fase2_Exposicao_Etanol,24.8,48.0,254.0,272.0,275.0
17:13:36,Fase2_Exposicao_Etanol,24.8,48.0,383.0,377.0,362.0
17:13:38,Fase2_Exposicao_Etanol,24.8,48.0,304.0,310.0,300.0
17:13:40,Fase2_Exposicao_Etanol,24.8,48.0,305.0,297.0,301.0
17:13:42,Fase2_Exposicao_Etanol,24.8,48.0,311.0,320.0,304.0
17:13:44,Fase2_Exposicao_Etanol,24.8,48.0,331.0,336.0,305.0
17:13:46,Fase2_Exposicao_Etanol,24.8,48.0,304.0,307.0,301.0
17:13:48,Fase2_Exposicao_Etanol,24.8,48.0,294.0,289.0,287.0
17:13:50,Fase2_Exposicao_Etanol,24.8,48.0,304.0,309.0,300.0
17:13:52,Fase2_Exposicao_Etanol,24.8,48.0,304.0,300.0,302.0
17:13:54,Fase2_Exposicao_Etanol,24.8,48.0,303.0,277.0,300.0
17:13:56,Fase2_Exposicao_Etanol,24.8,48.0,314.0,309.0,322.0
17:13:58,Fase2_Exposicao_Etanol,24.8,48.0,336.0,318.0,314.0
17:14:00,Fase2_Exposicao_Etanol,24.8,48.0,307.0,312.0,304.0
17:14:02,Fase2_Exposicao_Etanol,24.8,48.0,334.0,321.0,297.0
17:14:04,Fase2_Exposicao_Etanol,24.8,48.0,310.0,320.0,311.0
17:14:06,Fase2_Exposicao_Etanol,24.8,48.0,320.0,304.0,304.0
17:14:08,Fase2_Exposicao_Etanol,24.8,48.0,314.0,305.0,317.0
17:14:10,Fase2_Exposicao_Etanol,24.8,48.0,311.0,320.0,304.0
17:14:12,Fase2_Exposicao_Etanol,24.8,48.0,309.0,314.0,306.0
17:14:14,Fase2_Exposicao_Etanol,24.8,48.0,306.0,318.0,303.0
17:14:16,Fase2_Exposicao_Etanol,24.8,48.0,305.0,317.0,316.0
17:14:18,Fase2_Exposicao_Etanol,24.8,48.0,314.0,339.0,326.0
17:14:20,Fase2_Exposicao_Etanol,24.8,48.0,338.0,353.0,320.0
17:14:22,Fase2_Exposicao_Etanol,24.8,48.0,305.0,320.0,306.0
17:14:24,Fase2_Exposicao_Etanol,24.8,48.0,318.0,318.0,311.0
17:14:26,Fase2_Exposicao_Etanol,24.8,48.0,332.0,326.0,326.0
17:14:28,Fase2_Exposicao_Etanol,24.8,48.0,301.0,272.0,286.0
17:14:30,Fase2_Exposicao_Etanol,24.8,48.0,315.0,301.0,275.0
17:14:32,Fase2_Exposicao_Etanol,24.8,48.0,285.0,311.0,273.0
17:14:34,Fase2_Exposicao_Etanol,24.8,48.0,277.0,293.0,274.0
17:14:36,Fase2_Exposicao_Etanol,24.8,48.0,272.0,272.0,293.0
17:14:38,Fase2_Exposicao_Etanol,24.8,48.0,272.0,272.0,272.0
17:14:41,Fase2_Exposicao_Etanol,24.8,48.0,283.0,287.0,273.0
17:14:43,Fase2_Exposicao_Etanol,24.8,48.0,271.0,272.0,246.0
17:14:45,Fase2_Exposicao_Etanol,24.8,48.0,270.0,275.0,272.0
17:14:47,Fase2_Exposicao_Etanol,24.8,48.0,258.0,275.0,272.0
17:14:49,Fase2_Exposicao_Etanol,24.8,48.0,272.0,285.0,268.0
17:14:51,Fase2_Exposicao_Etanol,24.8,48.0,286.0,272.0,269.0
17:14:53,Fase2_Exposicao_Etanol,24.8,48.0,272.0,290.0,260.0
17:14:55,Fase2_Exposicao_Etanol,24.8,48.0,283.0,256.0,267.0
17:14:57,Fase2_Exposicao_Etanol,24.8,48.0,278.0,282.0,272.0
17:14:59,Fase2_Exposicao_Etanol,24.8,48.0,274.0,266.0,266.0
17:15:01,Fase2_Exposicao_Etanol,24.8,48.0,272.0,288.0,284.0
17:15:03,Fase2_Exposicao_Etanol,24.8,48.0,276.0,259.0,263.0
17:15:05,Fase2_Exposicao_Etanol,24.8,48.0,289.0,269.0,277.0
17:15:07,Fase2_Exposicao_Etanol,24.8,48.0,283.0,305.0,272.0
17:15:09,Fase2_Exposicao_Etanol,24.8,47.0,282.0,287.0,277.0
17:15:11,Fase2_Exposicao_Etanol,24.8,47.0,288.0,287.0,271.0
17:15:13,Fase2_Exposicao_Etanol,24.8,47.0,278.0,299.0,283.0
17:15:15,Fase2_Exposicao_Etanol,24.8,47.0,278.0,290.0,276.0
17:15:17,Fase2_Exposicao_Etanol,24.8,48.0,278.0,302.0,285.0
17:15:19,Fase2_Exposicao_Etanol,24.8,47.0,275.0,292.0,294.0
17:15:21,Fase2_Exposicao_Etanol,24.8,47.0,284.0,275.0,267.0
17:15:23,Fase2_Exposicao_Etanol,24.8,47.0,287.0,295.0,286.0
17:15:25,Fase2_Exposicao_Etanol,24.8,47.0,279.0,290.0,287.0
17:15:27,Fase2_Exposicao_Etanol,24.8,47.0,279.0,292.0,282.0
17:15:29,Fase2_Exposicao_Etanol,24.8,47.0,282.0,286.0,290.0
17:15:31,Fase2_Exposicao_Etanol,24.8,47.0,289.0,306.0,272.0
17:15:33,Fase2_Exposicao_Etanol,24.8,47.0,287.0,308.0,288.0
17:15:35,Fase2_Exposicao_Etanol,24.8,47.0,294.0,293.0,282.0
17:15:37,Fase2_Exposicao_Etanol,24.8,47.0,324.0,287.0,283.0
17:15:39,Fase2_Exposicao_Etanol,24.8,47.0,287.0,287.0,285.0
17:15:41,Fase2_Exposicao_Etanol,24.8,47.0,286.0,304.0,302.0
17:15:43,Fase2_Exposicao_Etanol,24.8,47.0,288.0,304.0,278.0
17:15:45,Fase2_Exposicao_Etanol,24.8,47.0,295.0,295.0,286.0
17:15:47,Fase2_Exposicao_Etanol,24.8,47.0,287.0,281.0,267.0
17:15:49,Fase2_Exposicao_Etanol,24.8,47.0,287.0,302.0,286.0
17:15:51,Fase2_Exposicao_Etanol,24.8,47.0,279.0,290.0,278.0
17:15:53,Fase2_Exposicao_Etanol,24.8,47.0,276.0,286.0,274.0
17:15:55,Fase2_Exposicao_Etanol,24.8,47.0,275.0,284.0,272.0
17:15:57,Fase2_Exposicao_Etanol,24.8,47.0,265.0,272.0,272.0
17:15:59,Fase2_Exposicao_Etanol,24.8,47.0,278.0,285.0,274.0
17:16:02,Fase2_Exposicao_Etanol,24.8,47.0,306.0,288.0,271.0
17:16:04,Fase2_Exposicao_Etanol,24.8,47.0,274.0,274.0,269.0
17:16:06,Fase2_Exposicao_Etanol,24.8,47.0,276.0,281.0,278.0
17:16:08,Fase2_Exposicao_Etanol,24.8,47.0,273.0,275.0,261.0
17:16:10,Fase2_Exposicao_Etanol,24.8,47.0,285.0,277.0,277.0
17:16:12,Fase2_Exposicao_Etanol,24.8,48.0,276.0,282.0,274.0
17:16:14,Fase2_Exposicao_Etanol,24.8,48.0,274.0,281.0,277.0
17:16:16,Fase2_Exposicao_Etanol,24.8,48.0,285.0,290.0,286.0
17:16:26,Fase3_Recuperacao_ArLimpo,24.8,48.0,252.0,277.0,247.0
17:16:28,Fase3_Recuperacao_ArLimpo,24.8,48.0,250.0,283.0,256.0
17:16:30,Fase3_Recuperacao_ArLimpo,24.8,48.0,245.0,249.0,250.0
17:16:32,Fase3_Recuperacao_ArLimpo,24.8,48.0,257.0,265.0,259.0
17:16:34,Fase3_Recuperacao_ArLimpo,24.8,48.0,272.0,277.0,266.0
17:16:36,Fase3_Recuperacao_ArLimpo,24.8,48.0,255.0,288.0,258.0
17:16:38,Fase3_Recuperacao_ArLimpo,24.8,48.0,275.0,267.0,265.0
17:16:40,Fase3_Recuperacao_ArLimpo,24.8,48.0,272.0,275.0,272.0
17:16:42,Fase3_Recuperacao_ArLimpo,24.8,48.0,291.0,271.0,268.0
17:16:44,Fase3_Recuperacao_ArLimpo,24.8,48.0,273.0,273.0,289.0
17:16:46,Fase3_Recuperacao_ArLimpo,24.8,48.0,292.0,305.0,285.0
17:16:48,Fase3_Recuperacao_ArLimpo,24.8,48.0,282.0,286.0,298.0
17:16:50,Fase3_Recuperacao_ArLimpo,24.8,48.0,330.0,294.0,285.0
17:16:52,Fase3_Recuperacao_ArLimpo,24.8,48.0,272.0,289.0,282.0
17:16:54,Fase3_Recuperacao_ArLimpo,24.8,48.0,297.0,337.0,304.0
17:16:56,Fase3_Recuperacao_ArLimpo,24.8,48.0,275.0,324.0,304.0
17:16:58,Fase3_Recuperacao_ArLimpo,24.8,48.0,302.0,290.0,285.0
17:17:00,Fase3_Recuperacao_ArLimpo,24.8,48.0,270.0,272.0,272.0
17:17:02,Fase3_Recuperacao_ArLimpo,24.8,48.0,272.0,291.0,287.0
17:17:04,Fase3_Recuperacao_ArLimpo,24.8,48.0,247.0,277.0,265.0
17:17:06,Fase3_Recuperacao_ArLimpo,24.8,48.0,294.0,280.0,272.0
17:17:08,Fase3_Recuperacao_ArLimpo,24.8,48.0,272.0,297.0,280.0
17:17:10,Fase3_Recuperacao_ArLimpo,24.8,48.0,233.0,306.0,269.0
17:17:12,Fase3_Recuperacao_ArLimpo,24.8,48.0,235.0,276.0,271.0
17:17:14,Fase3_Recuperacao_ArLimpo,24.8,48.0,265.0,260.0,270.0
17:17:16,Fase3_Recuperacao_ArLimpo,24.8,48.0,266.0,297.0,258.0
17:17:18,Fase3_Recuperacao_ArLimpo,24.8,48.0,243.0,289.0,294.0
17:17:20,Fase3_Recuperacao_ArLimpo,24.8,48.0,303.0,306.0,292.0
17:17:23,Fase3_Recuperacao_ArLimpo,24.8,48.0,288.0,318.0,298.0
17:17:25,Fase3_Recuperacao_ArLimpo,24.8,48.0,309.0,337.0,294.0
17:17:27,Fase3_Recuperacao_ArLimpo,24.8,48.0,289.0,271.0,272.0
17:17:29,Fase3_Recuperacao_ArLimpo,24.8,48.0,256.0,286.0,251.0
17:17:31,Fase3_Recuperacao_ArLimpo,24.8,48.0,304.0,278.0,272.0
17:17:33,Fase3_Recuperacao_ArLimpo,24.8,48.0,229.0,274.0,271.0
17:17:35,Fase3_Recuperacao_ArLimpo,24.8,48.0,276.0,277.0,264.0
17:17:37,Fase3_Recuperacao_ArLimpo,24.8,48.0,272.0,288.0,260.0
17:17:39,Fase3_Recuperacao_ArLimpo,24.8,48.0,282.0,281.0,270.0
17:17:41,Fase3_Recuperacao_ArLimpo,24.8,48.0,259.0,264.0,272.0
17:17:43,Fase3_Recuperacao_ArLimpo,24.8,48.0,271.0,289.0,272.0
17:17:45,Fase3_Recuperacao_ArLimpo,24.8,48.0,270.0,274.0,298.0
17:17:47,Fase3_Recuperacao_ArLimpo,24.8,48.0,274.0,298.0,271.0
17:17:49,Fase3_Recuperacao_ArLimpo,24.8,48.0,259.0,269.0,246.0
17:17:51,Fase3_Recuperacao_ArLimpo,24.8,48.0,257.0,280.0,272.0
17:17:53,Fase3_Recuperacao_ArLimpo,24.8,48.0,262.0,298.0,243.0
17:17:55,Fase3_Recuperacao_ArLimpo,24.8,48.0,261.0,247.0,287.0
17:17:57,Fase3_Recuperacao_ArLimpo,24.8,48.0,272.0,290.0,272.0
17:17:59,Fase3_Recuperacao_ArLimpo,24.8,48.0,272.0,256.0,246.0
17:18:01,Fase3_Recuperacao_ArLimpo,24.8,48.0,291.0,278.0,272.0
17:18:03,Fase3_Recuperacao_ArLimpo,24.8,48.0,277.0,,250.0
17:18:05,Fase3_Recuperacao_ArLimpo,24.8,48.0,241.0,275.0,248.0
17:18:07,Fase3_Recuperacao_ArLimpo,24.8,48.0,278.0,265.0,240.0
17:18:09,Fase3_Recuperacao_ArLimpo,24.8,48.0,273.0,260.0,249.0
17:18:11,Fase3_Recuperacao_ArLimpo,24.8,48.0,258.0,234.0,246.0
17:18:13,Fase3_Recuperacao_ArLimpo,24.8,48.0,263.0,261.0,240.0
17:18:15,Fase3_Recuperacao_ArLimpo,24.8,48.0,236.0,236.0,243.0
17:18:17,Fase3_Recuperacao_ArLimpo,24.8,48.0,235.0,239.0,256.0
17:18:19,Fase3_Recuperacao_ArLimpo,24.8,48.0,261.0,254.0,235.0
17:18:21,Fase3_Recuperacao_ArLimpo,24.7,48.0,211.0,272.0,237.0
17:18:23,Fase3_Recuperacao_ArLimpo,24.6,48.0,267.0,271.0,250.0
17:18:25,Fase3_Recuperacao_ArLimpo,24.6,48.0,244.0,245.0,256.0
17:18:27,Fase3_Recuperacao_ArLimpo,24.5,48.0,246.0,254.0,240.0
17:18:29,Fase3_Recuperacao_ArLimpo,24.5,48.0,217.0,230.0,237.0
17:18:31,Fase3_Recuperacao_ArLimpo,24.5,48.0,254.0,256.0,227.0
17:18:33,Fase3_Recuperacao_ArLimpo,24.5,48.0,237.0,307.0,265.0
17:18:35,Fase3_Recuperacao_ArLimpo,24.5,48.0,225.0,249.0,233.0
17:18:37,Fase3_Recuperacao_ArLimpo,24.5,48.0,266.0,306.0,226.0
17:18:39,Fase3_Recuperacao_ArLimpo,24.5,48.0,224.0,240.0,213.0
17:18:41,Fase3_Recuperacao_ArLimpo,24.5,48.0,236.0,273.0,221.0
17:18:44,Fase3_Recuperacao_ArLimpo,24.5,48.0,226.0,250.0,243.0
17:18:46,Fase3_Recuperacao_ArLimpo,24.5,48.0,235.0,276.0,208.0
17:18:48,Fase3_Recuperacao_ArLimpo,24.6,48.0,263.0,252.0,217.0
17:18:50,Fase3_Recuperacao_ArLimpo,24.6,48.0,234.0,256.0,230.0
17:18:52,Fase3_Recuperacao_ArLimpo,24.7,48.0,224.0,256.0,215.0
17:18:54,Fase3_Recuperacao_ArLimpo,24.7,48.0,235.0,240.0,234.0
17:18:56,Fase3_Recuperacao_ArLimpo,24.7,48.0,219.0,243.0,244.0
17:18:58,Fase3_Recuperacao_ArLimpo,24.7,48.0,208.0,272.0,211.0
17:19:00,Fase3_Recuperacao_ArLimpo,24.7,48.0,236.0,226.0,252.0
17:19:02,Fase3_Recuperacao_ArLimpo,24.7,48.0,245.0,239.0,225.0
17:19:04,Fase3_Recuperacao_ArLimpo,24.7,48.0,240.0,269.0,218.0
17:19:06,Fase3_Recuperacao_ArLimpo,24.7,48.0,208.0,220.0,256.0
17:19:08,Fase3_Recuperacao_ArLimpo,24.7,48.0,247.0,258.0,201.0
17:19:10,Fase3_Recuperacao_ArLimpo,24.7,48.0,240.0,267.0,240.0
17:19:12,Fase3_Recuperacao_ArLimpo,24.7,48.0,238.0,231.0,241.0
17:19:14,Fase3_Recuperacao_ArLimpo,24.7,48.0,254.0,256.0,231.0
17:19:16,Fase3_Recuperacao_ArLimpo,24.8,48.0,227.0,234.0,219.0
17:19:18,Fase3_Recuperacao_ArLimpo,24.8,48.0,240.0,238.0,237.0
17:19:20,Fase3_Recuperacao_ArLimpo,24.8,48.0,227.0,252.0,265.0
17:19:22,Fase3_Recuperacao_ArLimpo,24.8,48.0,219.0,203.0,223.0
17:19:24,Fase3_Recuperacao_ArLimpo,24.8,48.0,299.0,249.0,241.0
17:19:26,Fase3_Recuperacao_ArLimpo,24.8,48.0,235.0,267.0,241.0
17:19:28,Fase3_Recuperacao_ArLimpo,24.8,48.0,255.0,295.0,261.0
17:19:30,Fase3_Recuperacao_ArLimpo,24.8,48.0,243.0,274.0,211.0
17:19:32,Fase3_Recuperacao_ArLimpo,24.8,48.0,266.0,263.0,246.0
17:19:34,Fase3_Recuperacao_ArLimpo,24.8,48.0,249.0,255.0,254.0
17:19:36,Fase3_Recuperacao_ArLimpo,24.8,48.0,241.0,235.0,244.0
17:19:38,Fase3_Recuperacao_ArLimpo,24.8,48.0,207.0,272.0,240.0
17:19:40,Fase3_Recuperacao_ArLimpo,24.8,48.0,270.0,272.0,247.0
17:19:42,Fase3_Recuperacao_ArLimpo,24.8,48.0,232.0,286.0,246.0
17:19:44,Fase3_Recuperacao_ArLimpo,24.8,48.0,251.0,272.0,233.0
17:19:46,Fase3_Recuperacao_ArLimpo,24.8,48.0,225.0,251.0,268.0
17:19:48,Fase3_Recuperacao_ArLimpo,24.8,48.0,272.0,272.0,240.0
17:19:50,Fase3_Recuperacao_ArLimpo,24.8,48.0,335.0,273.0,254.0
17:19:52,Fase3_Recuperacao_ArLimpo,24.8,48.0,227.0,255.0,266.0
17:19:54,Fase3_Recuperacao_ArLimpo,24.8,48.0,246.0,254.0,259.0
17:19:56,Fase3_Recuperacao_ArLimpo,24.8,48.0,279.0,274.0,259.0
17:19:58,Fase3_Recuperacao_ArLimpo,24.8,48.0,271.0,303.0,265.0
17:20:00,Fase3_Recuperacao_ArLimpo,24.8,48.0,266.0,272.0,271.0
17:20:02,Fase3_Recuperacao_ArLimpo,24.8,48.0,289.0,265.0,236.0
17:20:05,Fase3_Recuperacao_ArLimpo,24.8,48.0,287.0,278.0,241.0
17:20:07,Fase3_Recuperacao_ArLimpo,24.8,48.0,230.0,285.0,239.0
17:20:09,Fase3_Recuperacao_ArLimpo,24.8,48.0,205.0,291.0,240.0
17:20:11,Fase3_Recuperacao_ArLimpo,24.8,48.0,205.0,256.0,253.0
17:20:13,Fase3_Recuperacao_ArLimpo,24.8,48.0,240.0,270.0,221.0
17:20:15,Fase3_Recuperacao_ArLimpo,24.8,48.0,250.0,257.0,255.0
17:20:17,Fase3_Recuperacao_ArLimpo,24.8,48.0,243.0,272.0,243.0
17:20:19,Fase3_Recuperacao_ArLimpo,24.8,48.0,246.0,260.0,241.0
17:20:21,Fase3_Recuperacao_ArLimpo,24.8,48.0,239.0,276.0,256.0
17:20:23,Fase3_Recuperacao_ArLimpo,24.8,48.0,291.0,259.0,251.0
17:20:25,Fase3_Recuperacao_ArLimpo,24.8,48.0,251.0,256.0,271.0
17:20:27,Fase3_Recuperacao_ArLimpo,24.8,48.0,291.0,288.0,234.0
17:20:29,Fase3_Recuperacao_ArLimpo,24.8,48.0,261.0,277.0,240.0
17:20:31,Fase3_Recuperacao_ArLimpo,24.8,48.0,293.0,275.0,252.0
17:20:33,Fase3_Recuperacao_ArLimpo,24.8,48.0,295.0,271.0,270.0
17:20:35,Fase3_Recuperacao_ArLimpo,24.8,48.0,238.0,267.0,243.0
17:20:37,Fase3_Recuperacao_ArLimpo,24.8,48.0,243.0,261.0,261.0
17:20:39,Fase3_Recuperacao_ArLimpo,24.8,48.0,279.0,240.0,240.0
17:20:41,Fase3_Recuperacao_ArLimpo,24.8,48.0,295.0,267.0,256.0
17:20:43,Fase3_Recuperacao_ArLimpo,24.8,48.0,238.0,281.0,249.0
17:20:45,Fase3_Recuperacao_ArLimpo,24.8,48.0,247.0,272.0,247.0
17:20:47,Fase3_Recuperacao_ArLimpo,24.8,48.0,311.0,261.0,259.0
17:20:49,Fase3_Recuperacao_ArLimpo,24.8,48.0,238.0,275.0,265.0
17:20:51,Fase3_Recuperacao_ArLimpo,24.8,48.0,260.0,266.0,243.0
17:20:53,Fase3_Recuperacao_ArLimpo,24.8,48.0,212.0,268.0,271.0
17:20:55,Fase3_Recuperacao_ArLimpo,24.8,48.0,271.0,306.0,235.0
17:20:57,Fase3_Recuperacao_ArLimpo,24.8,48.0,281.0,285.0,261.0
17:20:59,Fase3_Recuperacao_ArLimpo,24.8,48.0,259.0,267.0,240.0
17:21:01,Fase3_Recuperacao_ArLimpo,24.8,48.0,256.0,289.0,244.0
17:21:03,Fase3_Recuperacao_ArLimpo,24.8,48.0,240.0,274.0,254.0
17:21:05,Fase3_Recuperacao_ArLimpo,24.8,48.0,263.0,272.0,249.0
17:21:07,Fase3_Recuperacao_ArLimpo,24.8,48.0,273.0,287.0,254.0
17:21:09,Fase3_Recuperacao_ArLimpo,24.8,48.0,284.0,253.0,261.0
17:21:11,Fase3_Recuperacao_ArLimpo,24.8,48.0,240.0,253.0,254.0
17:21:13,Fase3_Recuperacao_ArLimpo,24.8,48.0,263.0,270.0,245.0
17:21:15,Fase3_Recuperacao_ArLimpo,24.8,48.0,220.0,283.0,263.0
17:21:17,Fase3_Recuperacao_ArLimpo,24.8,48.0,247.0,301.0,240.0
17:21:19,Fase3_Recuperacao_ArLimpo,24.8,48.0,266.0,279.0,266.0
17:21:21,Fase3_Recuperacao_ArLimpo,24.8,48.0,236.0,263.0,260.0
17:21:23,Fase3_Recuperacao_ArLimpo,24.8,48.0,272.0,286.0,249.0
17:21:26,Fase3_Recuperacao_ArLimpo,24.8,48.0,302.0,283.0,247.0
17:21:28,Fase3_Recuperacao_ArLimpo,24.8,48.0,299.0,292.0,272.0
17:21:30,Fase3_Recuperacao_ArLimpo,24.8,48.0,240.0,285.0,265.0
17:21:32,Fase3_Recuperacao_ArLimpo,24.8,48.0,269.0,274.0,273.0
17:21:34,Fase3_Recuperacao_ArLimpo,24.8,48.0,257.0,286.0,291.0
17:21:36,Fase3_Recuperacao_ArLimpo,24.8,48.0,272.0,273.0,273.0
17:21:38,Fase3_Recuperacao_ArLimpo,24.8,48.0,273.0,264.0,269.0
17:21:40,Fase3_Recuperacao_ArLimpo,24.8,48.0,264.0,297.0,278.0
17:21:42,Fase3_Recuperacao_ArLimpo,24.8,48.0,271.0,272.0,263.0
17:21:44,Fase3_Recuperacao_ArLimpo,24.8,48.0,254.0,304.0,269.0
17:21:46,Fase3_Recuperacao_ArLimpo,24.8,48.0,222.0,260.0,256.0
17:21:48,Fase3_Recuperacao_ArLimpo,24.8,48.0,286.0,278.0,266.0
17:21:50,Fase3_Recuperacao_ArLimpo,24.8,48.0,269.0,299.0,271.0
17:21:52,Fase3_Recuperacao_ArLimpo,24.8,48.0,287.0,304.0,269.0
17:21:54,Fase3_Recuperacao_ArLimpo,24.8,48.0,240.0,272.0,256.0
17:21:56,Fase3_Recuperacao_ArLimpo,24.8,48.0,335.0,271.0,275.0
17:21:58,Fase3_Recuperacao_ArLimpo,24.8,48.0,237.0,250.0,242.0
17:22:00,Fase3_Recuperacao_ArLimpo,24.8,48.0,303.0,277.0,283.0
17:22:02,Fase3_Recuperacao_ArLimpo,24.8,48.0,260.0,303.0,258.0
17:22:04,Fase3_Recuperacao_ArLimpo,24.8,48.0,266.0,309.0,252.0
17:22:06,Fase3_Recuperacao_ArLimpo,24.8,48.0,256.0,247.0,258.0
17:22:08,Fase3_Recuperacao_ArLimpo,24.8,48.0,292.0,262.0,231.0
17:22:10,Fase3_Recuperacao_ArLimpo,24.8,48.0,240.0,251.0,254.0
17:22:12,Fase3_Recuperacao_ArLimpo,24.8,48.0,251.0,272.0,226.0
17:22:14,Fase3_Recuperacao_ArLimpo,24.8,48.0,204.0,256.0,235.0
17:22:16,Fase3_Recuperacao_ArLimpo,24.8,48.0,256.0,274.0,243.0
17:22:18,Fase3_Recuperacao_ArLimpo,24.8,48.0,242.0,256.0,233.0
17:22:20,Fase3_Recuperacao_ArLimpo,24.8,48.0,237.0,263.0,234.0
17:22:22,Fase3_Recuperacao_ArLimpo,24.8,48.0,249.0,246.0,250.0
17:22:24,Fase3_Recuperacao_ArLimpo,24.8,48.0,235.0,261.0,241.0
17:22:26,Fase3_Recuperacao_ArLimpo,24.8,48.0,256.0,301.0,220.0
17:22:28,Fase3_Recuperacao_ArLimpo,24.8,48.0,288.0,281.0,233.0
17:22:30,Fase3_Recuperacao_ArLimpo,24.8,48.0,253.0,300.0,269.0
17:22:32,Fase3_Recuperacao_ArLimpo,24.8,48.0,261.0,282.0,261.0
17:22:34,Fase3_Recuperacao_ArLimpo,24.8,48.0,226.0,290.0,257.0
17:22:36,Fase3_Recuperacao_ArLimpo,24.8,48.0,231.0,272.0,245.0
17:22:38,Fase3_Recuperacao_ArLimpo,24.8,48.0,303.0,265.0,240.0
17:22:40,Fase3_Recuperacao_ArLimpo,24.8,48.0,272.0,279.0,277.0
17:22:42,Fase3_Recuperacao_ArLimpo,24.8,48.0,274.0,288.0,266.0
17:22:44,Fase3_Recuperacao_ArLimpo,24.8,48.0,242.0,292.0,267.0
17:22:47,Fase3_Recuperacao_ArLimpo,24.8,48.0,271.0,272.0,270.0
17:22:49,Fase3_Recuperacao_ArLimpo,24.8,48.0,193.0,263.0,245.0
17:22:51,Fase3_Recuperacao_ArLimpo,24.8,48.0,291.0,270.0,256.0
17:22:53,Fase3_Recuperacao_ArLimpo,24.8,48.0,288.0,262.0,254.0
17:22:55,Fase3_Recuperacao_ArLimpo,24.8,48.0,268.0,286.0,246.0
17:22:57,Fase3_Recuperacao_ArLimpo,24.8,48.0,320.0,277.0,263.0
17:22:59,Fase3_Recuperacao_ArLimpo,24.8,48.0,286.0,283.0,258.0
17:23:01,Fase3_Recuperacao_ArLimpo,24.8,48.0,304.0,267.0,249.0
17:23:03,Fase3_Recuperacao_ArLimpo,24.8,48.0,286.0,261.0,259.0
17:23:05,Fase3_Recuperacao_ArLimpo,24.8,48.0,261.0,273.0,272.0
17:23:07,Fase3_Recuperacao_ArLimpo,24.8,48.0,262.0,278.0,273.0
17:23:09,Fase3_Recuperacao_ArLimpo,24.8,48.0,241.0,279.0,256.0
17:23:11,Fase3_Recuperacao_ArLimpo,24.8,48.0,291.0,290.0,241.0
17:23:13,Fase3_Recuperacao_ArLimpo,24.8,48.0,274.0,263.0,272.0
17:23:15,Fase3_Recuperacao_ArLimpo,24.8,48.0,291.0,252.0,273.0
17:23:17,Fase3_Recuperacao_ArLimpo,24.8,48.0,293.0,279.0,263.0
17:23:19,Fase3_Recuperacao_ArLimpo,24.8,48.0,286.0,320.0,257.0
17:23:21,Fase3_Recuperacao_ArLimpo,24.8,48.0,306.0,287.0,279.0
17:23:23,Fase3_Recuperacao_ArLimpo,24.8,48.0,246.0,321.0,272.0
17:23:25,Fase3_Recuperacao_ArLimpo,24.8,48.0,254.0,273.0,256.0
17:23:27,Fase3_Recuperacao_ArLimpo,24.8,48.0,289.0,284.0,249.0
17:23:29,Fase3_Recuperacao_ArLimpo,24.8,48.0,272.0,283.0,251.0
17:23:31,Fase3_Recuperacao_ArLimpo,24.8,48.0,304.0,298.0,266.0
17:23:33,Fase3_Recuperacao_ArLimpo,24.8,48.0,309.0,273.0,259.0
17:23:35,Fase3_Recuperacao_ArLimpo,24.8,48.0,252.0,290.0,253.0
17:23:37,Fase3_Recuperacao_ArLimpo,24.8,48.0,277.0,298.0,256.0
17:23:39,Fase3_Recuperacao_ArLimpo,24.8,48.0,259.0,290.0,262.0
17:23:41,Fase3_Recuperacao_ArLimpo,24.8,48.0,265.0,272.0,259.0
17:23:43,Fase3_Recuperacao_ArLimpo,24.8,48.0,235.0,297.0,269.0
17:23:45,Fase3_Recuperacao_ArLimpo,24.8,48.0,283.0,297.0,247.0
17:23:47,Fase3_Recuperacao_ArLimpo,24.8,48.0,269.0,278.0,256.0
17:23:49,Fase3_Recuperacao_ArLimpo,24.8,48.0,237.0,265.0,263.0
17:23:51,Fase3_Recuperacao_ArLimpo,24.8,48.0,237.0,317.0,246.0
17:23:53,Fase3_Recuperacao_ArLimpo,24.8,48.0,256.0,290.0,251.0
17:23:55,Fase3_Recuperacao_ArLimpo,24.8,48.0,259.0,259.0,273.0
17:23:57,Fase3_Recuperacao_ArLimpo,24.6,48.0,249.0,269.0,247.0
17:23:59,Fase3_Recuperacao_ArLimpo,24.5,48.0,288.0,289.0,272.0
17:24:01,Fase3_Recuperacao_ArLimpo,24.5,48.0,272.0,295.0,280.0
17:24:03,Fase3_Recuperacao_ArLimpo,24.5,48.0,327.0,265.0,266.0
17:24:05,Fase3_Recuperacao_ArLimpo,24.5,48.0,294.0,272.0,267.0
17:24:08,Fase3_Recuperacao_ArLimpo,24.5,48.0,256.0,251.0,250.0
17:24:10,Fase3_Recuperacao_ArLimpo,24.5,48.0,263.0,287.0,267.0
17:24:12,Fase3_Recuperacao_ArLimpo,24.5,48.0,285.0,261.0,278.0
17:24:14,Fase3_Recuperacao_ArLimpo,24.5,48.0,291.0,303.0,275.0
17:24:16,Fase3_Recuperacao_ArLimpo,24.5,48.0,268.0,304.0,272.0
17:24:18,Fase3_Recuperacao_ArLimpo,24.5,48.0,257.0,322.0,278.0
17:24:20,Fase3_Recuperacao_ArLimpo,24.5,48.0,270.0,303.0,290.0
17:24:22,Fase3_Recuperacao_ArLimpo,24.5,48.0,330.0,342.0,304.0
17:24:24,Fase3_Recuperacao_ArLimpo,24.5,48.0,309.0,342.0,317.0
17:24:26,Fase3_Recuperacao_ArLimpo,24.5,48.0,294.0,323.0,326.0
17:24:28,Fase3_Recuperacao_ArLimpo,24.5,48.0,318.0,314.0,306.0
17:24:30,Fase3_Recuperacao_ArLimpo,24.5,48.0,289.0,331.0,315.0
17:24:32,Fase3_Recuperacao_ArLimpo,24.5,48.0,295.0,341.0,325.0
17:24:34,Fase3_Recuperacao_ArLimpo,24.5,48.0,304.0,307.0,315.0
17:24:36,Fase3_Recuperacao_ArLimpo,24.5,48.0,336.0,315.0,309.0
17:24:38,Fase3_Recuperacao_ArLimpo,24.5,48.0,297.0,336.0,306.0
17:24:40,Fase3_Recuperacao_ArLimpo,24.5,48.0,329.0,320.0,325.0
17:24:42,Fase3_Recuperacao_ArLimpo,24.5,48.0,273.0,317.0,293.0
17:24:44,Fase3_Recuperacao_ArLimpo,24.5,48.0,317.0,335.0,316.0
17:24:46,Fase3_Recuperacao_ArLimpo,24.5,48.0,320.0,340.0,318.0
17:24:48,Fase3_Recuperacao_ArLimpo,24.5,48.0,294.0,368.0,306.0
17:24:50,Fase3_Recuperacao_ArLimpo,24.5,48.0,316.0,325.0,313.0
17:24:52,Fase3_Recuperacao_ArLimpo,24.5,48.0,327.0,302.0,320.0
17:24:54,Fase3_Recuperacao_ArLimpo,24.5,48.0,305.0,319.0,310.0
17:24:56,Fase3_Recuperacao_ArLimpo,24.5,48.0,286.0,350.0,304.0
17:24:58,Fase3_Recuperacao_ArLimpo,24.5,48.0,368.0,323.0,319.0
17:25:00,Fase3_Recuperacao_ArLimpo,24.5,48.0,309.0,333.0,304.0
17:25:02,Fase3_Recuperacao_ArLimpo,24.5,48.0,330.0,327.0,293.0
17:25:04,Fase3_Recuperacao_ArLimpo,24.5,48.0,286.0,304.0,301.0
17:25:06,Fase3_Recuperacao_ArLimpo,24.5,48.0,322.0,307.0,310.0
17:25:08,Fase3_Recuperacao_ArLimpo,24.5,48.0,272.0,323.0,286.0
17:25:10,Fase3_Recuperacao_ArLimpo,24.5,48.0,311.0,303.0,272.0
17:25:12,Fase3_Recuperacao_ArLimpo,24.5,48.0,272.0,302.0,311.0
17:25:14,Fase3_Recuperacao_ArLimpo,24.5,48.0,270.0,298.0,278.0
17:25:16,Fase3_Recuperacao_ArLimpo,24.5,48.0,288.0,315.0,293.0
17:25:18,Fase3_Recuperacao_ArLimpo,24.5,48.0,309.0,289.0,298.0
17:25:20,Fase3_Recuperacao_ArLimpo,24.5,48.0,288.0,283.0,297.0
17:25:22,Fase3_Recuperacao_ArLimpo,24.5,48.0,293.0,303.0,280.0
17:25:24,Fase3_Recuperacao_ArLimpo,24.5,48.0,371.0,308.0,285.0
17:25:26,Fase3_Recuperacao_ArLimpo,24.5,48.0,262.0,301.0,278.0
17:25:29,Fase3_Recuperacao_ArLimpo,24.5,48.0,304.0,296.0,274.0
17:25:31,Fase3_Recuperacao_ArLimpo,24.5,48.0,263.0,286.0,271.0
17:25:33,Fase3_Recuperacao_ArLimpo,24.5,48.0,272.0,304.0,275.0
17:25:35,Fase3_Recuperacao_ArLimpo,24.5,48.0,263.0,290.0,281.0
17:25:37,Fase3_Recuperacao_ArLimpo,24.5,48.0,293.0,305.0,289.0
17:25:39,Fase3_Recuperacao_ArLimpo,24.5,48.0,290.0,295.0,288.0
17:25:41,Fase3_Recuperacao_ArLimpo,24.5,48.0,271.0,278.0,294.0
17:25:43,Fase3_Recuperacao_ArLimpo,24.5,48.0,259.0,300.0,294.0
17:25:45,Fase3_Recuperacao_ArLimpo,24.5,48.0,304.0,303.0,306.0
17:25:47,Fase3_Recuperacao_ArLimpo,24.5,48.0,287.0,315.0,272.0
17:25:49,Fase3_Recuperacao_ArLimpo,24.5,48.0,265.0,305.0,291.0
17:25:51,Fase3_Recuperacao_ArLimpo,24.5,48.0,296.0,273.0,286.0
17:25:53,Fase3_Recuperacao_ArLimpo,24.5,48.0,258.0,288.0,286.0
17:25:55,Fase3_Recuperacao_ArLimpo,24.5,48.0,279.0,306.0,294.0
17:25:57,Fase3_Recuperacao_ArLimpo,24.5,48.0,255.0,282.0,256.0
17:25:59,Fase3_Recuperacao_ArLimpo,24.5,48.0,266.0,320.0,286.0
17:26:01,Fase3_Recuperacao_ArLimpo,24.5,48.0,240.0,289.0,262.0
17:26:03,Fase3_Recuperacao_ArLimpo,24.5,48.0,266.0,321.0,269.0
17:26:05,Fase3_Recuperacao_ArLimpo,24.5,48.0,252.0,304.0,269.0
17:26:07,Fase3_Recuperacao_ArLimpo,24.5,48.0,305.0,345.0,263.0
17:26:09,Fase3_Recuperacao_ArLimpo,24.5,48.0,277.0,304.0,273.0
17:26:11,Fase3_Recuperacao_ArLimpo,24.5,48.0,277.0,304.0,305.0
17:26:13,Fase3_Recuperacao_ArLimpo,24.5,48.0,265.0,302.0,295.0
17:26:15,Fase3_Recuperacao_ArLimpo,24.5,48.0,302.0,291.0,290.0
17:26:17,Fase3_Recuperacao_ArLimpo,24.5,48.0,242.0,307.0,269.0
17:26:19,Fase3_Recuperacao_ArLimpo,24.5,48.0,275.0,302.0,271.0
17:26:21,Fase3_Recuperacao_ArLimpo,24.5,48.0,254.0,318.0,272.0
17:26:23,Fase3_Recuperacao_ArLimpo,24.5,48.0,285.0,271.0,295.0
17:26:25,Fase3_Recuperacao_ArLimpo,24.5,48.0,272.0,323.0,273.0
17:26:27,Fase3_Recuperacao_ArLimpo,24.5,48.0,258.0,311.0,286.0
17:26:29,Fase3_Recuperacao_ArLimpo,24.5,48.0,282.0,312.0,264.0
17:26:31,Fase3_Recuperacao_ArLimpo,24.5,48.0,266.0,301.0,288.0
17:26:33,Fase3_Recuperacao_ArLimpo,24.5,48.0,289.0,303.0,273.0
17:26:35,Fase3_Recuperacao_ArLimpo,24.5,48.0,263.0,278.0,277.0
17:26:37,Fase3_Recuperacao_ArLimpo,24.5,48.0,304.0,280.0,278.0
17:26:39,Fase3_Recuperacao_ArLimpo,24.5,48.0,260.0,291.0,283.0
17:26:41,Fase3_Recuperacao_ArLimpo,24.5,48.0,231.0,301.0,278.0
17:26:43,Fase3_Recuperacao_ArLimpo,24.5,48.0,236.0,303.0,272.0
17:26:45,Fase3_Recuperacao_ArLimpo,24.5,48.0,272.0,281.0,288.0
17:26:47,Fase3_Recuperacao_ArLimpo,24.5,48.0,235.0,299.0,261.0
17:26:50,Fase3_Recuperacao_ArLimpo,24.5,48.0,286.0,322.0,270.0
17:26:52,Fase3_Recuperacao_ArLimpo,24.5,48.0,238.0,302.0,278.0
17:26:54,Fase3_Recuperacao_ArLimpo,24.5,48.0,336.0,302.0,251.0
17:26:56,Fase3_Recuperacao_ArLimpo,24.5,48.0,241.0,303.0,287.0
17:26:58,Fase3_Recuperacao_ArLimpo,24.5,48.0,259.0,301.0,262.0
17:27:00,Fase3_Recuperacao_ArLimpo,24.5,48.0,194.0,293.0,261.0
17:27:02,Fase3_Recuperacao_ArLimpo,24.5,48.0,269.0,315.0,280.0
17:27:04,Fase3_Recuperacao_ArLimpo,24.5,48.0,238.0,295.0,272.0
17:27:06,Fase3_Recuperacao_ArLimpo,24.5,48.0,284.0,285.0,260.0
17:27:08,Fase3_Recuperacao_ArLimpo,24.5,48.0,239.0,298.0,262.0
17:27:10,Fase3_Recuperacao_ArLimpo,24.5,48.0,272.0,291.0,267.0
17:27:12,Fase3_Recuperacao_ArLimpo,24.5,48.0,266.0,274.0,261.0
17:27:14,Fase3_Recuperacao_ArLimpo,24.5,48.0,332.0,274.0,271.0
17:27:16,Fase3_Recuperacao_ArLimpo,24.5,48.0,275.0,304.0,272.0
17:27:18,Fase3_Recuperacao_ArLimpo,24.5,48.0,272.0,289.0,247.0
17:27:20,Fase3_Recuperacao_ArLimpo,24.5,48.0,272.0,272.0,262.0
17:27:22,Fase3_Recuperacao_ArLimpo,24.5,48.0,266.0,275.0,258.0
17:27:24,Fase3_Recuperacao_ArLimpo,24.5,48.0,256.0,245.0,262.0
17:27:26,Fase3_Recuperacao_ArLimpo,24.5,48.0,249.0,294.0,260.0
17:27:28,Fase3_Recuperacao_ArLimpo,24.5,48.0,288.0,283.0,266.0
17:27:30,Fase3_Recuperacao_ArLimpo,24.5,48.0,269.0,299.0,272.0
17:27:32,Fase3_Recuperacao_ArLimpo,24.5,48.0,285.0,278.0,270.0
17:27:34,Fase3_Recuperacao_ArLimpo,24.5,48.0,242.0,300.0,289.0
17:27:36,Fase3_Recuperacao_ArLimpo,24.5,48.0,290.0,313.0,256.0
17:27:38,Fase3_Recuperacao_ArLimpo,24.5,48.0,241.0,297.0,272.0
17:27:40,Fase3_Recuperacao_ArLimpo,24.5,48.0,288.0,297.0,258.0
17:27:42,Fase3_Recuperacao_ArLimpo,24.5,48.0,266.0,268.0,272.0
17:27:44,Fase3_Recuperacao_ArLimpo,24.5,48.0,227.0,270.0,288.0
17:27:46,Fase3_Recuperacao_ArLimpo,24.5,48.0,288.0,273.0,272.0
17:27:48,Fase3_Recuperacao_ArLimpo,24.5,48.0,256.0,285.0,271.0
17:27:50,Fase3_Recuperacao_ArLimpo,24.5,48.0,237.0,267.0,233.0
17:27:52,Fase3_Recuperacao_ArLimpo,24.5,48.0,219.0,256.0,240.0
17:27:54,Fase3_Recuperacao_ArLimpo,24.5,47.0,271.0,246.0,251.0
17:27:56,Fase3_Recuperacao_ArLimpo,24.5,47.0,253.0,286.0,267.0
17:27:58,Fase3_Recuperacao_ArLimpo,24.5,47.0,276.0,277.0,272.0
17:28:00,Fase3_Recuperacao_ArLimpo,24.5,47.0,240.0,283.0,260.0
17:28:02,Fase3_Recuperacao_ArLimpo,24.5,47.0,302.0,258.0,268.0
17:28:04,Fase3_Recuperacao_ArLimpo,24.5,47.0,263.0,286.0,263.0
17:28:06,Fase3_Recuperacao_ArLimpo,24.5,47.0,275.0,289.0,290.0
17:28:08,Fase3_Recuperacao_ArLimpo,24.5,47.0,273.0,317.0,290.0
17:28:11,Fase3_Recuperacao_ArLimpo,24.5,47.0,292.0,300.0,301.0
17:28:13,Fase3_Recuperacao_ArLimpo,24.5,48.0,255.0,283.0,262.0
17:28:15,Fase3_Recuperacao_ArLimpo,24.5,48.0,277.0,305.0,258.0
17:28:17,Fase3_Recuperacao_ArLimpo,24.5,48.0,271.0,274.0,278.0
17:28:19,Fase3_Recuperacao_ArLimpo,24.5,48.0,301.0,326.0,285.0
17:28:21,Fase3_Recuperacao_ArLimpo,24.5,48.0,293.0,322.0,285.0
17:28:23,Fase3_Recuperacao_ArLimpo,24.5,48.0,253.0,278.0,275.0
17:28:25,Fase3_Recuperacao_ArLimpo,24.5,47.0,278.0,289.0,301.0
17:28:27,Fase3_Recuperacao_ArLimpo,24.5,47.0,268.0,293.0,270.0
17:28:29,Fase3_Recuperacao_ArLimpo,24.5,47.0,305.0,306.0,277.0
17:28:31,Fase3_Recuperacao_ArLimpo,24.5,47.0,294.0,320.0,288.0
17:28:33,Fase3_Recuperacao_ArLimpo,24.5,47.0,279.0,279.0,281.0
17:28:35,Fase3_Recuperacao_ArLimpo,24.5,47.0,271.0,272.0,256.0
17:28:37,Fase3_Recuperacao_ArLimpo,24.5,47.0,208.0,274.0,278.0
17:28:39,Fase3_Recuperacao_ArLimpo,24.5,47.0,264.0,300.0,251.0
17:28:41,Fase3_Recuperacao_ArLimpo,24.5,47.0,249.0,288.0,272.0
17:28:43,Fase3_Recuperacao_ArLimpo,24.5,47.0,272.0,258.0,282.0
17:28:45,Fase3_Recuperacao_ArLimpo,24.5,47.0,260.0,283.0,256.0
17:28:47,Fase3_Recuperacao_ArLimpo,24.5,47.0,247.0,260.0,261.0
17:28:49,Fase3_Recuperacao_ArLimpo,24.5,47.0,257.0,288.0,276.0
17:28:51,Fase3_Recuperacao_ArLimpo,24.6,47.0,250.0,306.0,274.0
17:28:53,Fase3_Recuperacao_ArLimpo,24.7,47.0,229.0,256.0,265.0
17:28:55,Fase3_Recuperacao_ArLimpo,24.8,47.0,263.0,273.0,288.0
17:28:57,Fase3_Recuperacao_ArLimpo,24.8,47.0,240.0,257.0,272.0
17:28:59,Fase3_Recuperacao_ArLimpo,24.8,47.0,241.0,289.0,267.0
17:29:01,Fase3_Recuperacao_ArLimpo,24.8,47.0,287.0,290.0,270.0
17:29:03,Fase3_Recuperacao_ArLimpo,24.8,47.0,246.0,290.0,272.0
17:29:05,Fase3_Recuperacao_ArLimpo,24.8,47.0,288.0,272.0,258.0
17:29:07,Fase3_Recuperacao_ArLimpo,24.8,47.0,244.0,270.0,278.0
17:29:09,Fase3_Recuperacao_ArLimpo,24.8,47.0,275.0,292.0,277.0
17:29:11,Fase3_Recuperacao_ArLimpo,24.8,47.0,261.0,276.0,268.0
17:29:13,Fase3_Recuperacao_ArLimpo,24.8,47.0,303.0,290.0,270.0
17:29:15,Fase3_Recuperacao_ArLimpo,24.8,47.0,260.0,304.0,273.0
17:29:17,Fase3_Recuperacao_ArLimpo,24.8,47.0,271.0,304.0,282.0
17:29:19,Fase3_Recuperacao_ArLimpo,24.8,47.0,296.0,309.0,288.0
17:29:21,Fase3_Recuperacao_ArLimpo,24.8,47.0,273.0,271.0,266.0
17:29:23,Fase3_Recuperacao_ArLimpo,24.8,47.0,256.0,270.0,304.0
17:29:25,Fase3_Recuperacao_ArLimpo,24.8,47.0,237.0,272.0,269.0
17:29:27,Fase3_Recuperacao_ArLimpo,24.8,47.0,300.0,272.0,276.0
17:29:29,Fase3_Recuperacao_ArLimpo,24.8,47.0,240.0,300.0,265.0
17:29:32,Fase3_Recuperacao_ArLimpo,24.8,47.0,247.0,273.0,261.0
17:29:34,Fase3_Recuperacao_ArLimpo,24.8,47.0,222.0,311.0,273.0
17:29:36,Fase3_Recuperacao_ArLimpo,24.8,47.0,299.0,274.0,265.0
17:29:38,Fase3_Recuperacao_ArLimpo,24.8,47.0,238.0,304.0,286.0
17:29:40,Fase3_Recuperacao_ArLimpo,24.8,47.0,270.0,278.0,293.0
17:29:42,Fase3_Recuperacao_ArLimpo,24.8,47.0,241.0,272.0,272.0
17:29:44,Fase3_Recuperacao_ArLimpo,24.8,47.0,283.0,287.0,270.0
17:29:46,Fase3_Recuperacao_ArLimpo,24.8,47.0,247.0,297.0,271.0
17:29:48,Fase3_Recuperacao_ArLimpo,24.8,47.0,336.0,294.0,272.0
17:29:50,Fase3_Recuperacao_ArLimpo,24.8,47.0,267.0,263.0,272.0
17:29:52,Fase3_Recuperacao_ArLimpo,24.8,47.0,286.0,299.0,256.0
17:29:54,Fase3_Recuperacao_ArLimpo,24.8,47.0,231.0,291.0,268.0
17:29:56,Fase3_Recuperacao_ArLimpo,24.8,47.0,250.0,279.0,263.0
17:29:58,Fase3_Recuperacao_ArLimpo,24.8,47.0,274.0,283.0,274.0
17:30:00,Fase3_Recuperacao_ArLimpo,24.8,47.0,232.0,256.0,252.0
17:30:02,Fase3_Recuperacao_ArLimpo,24.8,47.0,258.0,279.0,266.0
17:30:04,Fase3_Recuperacao_ArLimpo,24.8,47.0,245.0,270.0,243.0
17:30:06,Fase3_Recuperacao_ArLimpo,24.8,47.0,241.0,259.0,233.0
17:30:08,Fase3_Recuperacao_ArLimpo,24.8,47.0,233.0,261.0,240.0
17:30:10,Fase3_Recuperacao_ArLimpo,24.8,47.0,258.0,263.0,255.0
17:30:12,Fase3_Recuperacao_ArLimpo,24.8,47.0,233.0,272.0,240.0
17:30:14,Fase3_Recuperacao_ArLimpo,24.8,47.0,267.0,266.0,240.0
17:30:16,Fase3_Recuperacao_ArLimpo,24.8,47.0,234.0,261.0,225.0
17:30:18,Fase3_Recuperacao_ArLimpo,24.8,47.0,274.0,257.0,256.0
17:30:20,Fase3_Recuperacao_ArLimpo,24.8,47.0,218.0,230.0,210.0
17:30:22,Fase3_Recuperacao_ArLimpo,24.8,47.0,278.0,277.0,250.0
17:30:24,Fase3_Recuperacao_ArLimpo,24.8,47.0,248.0,236.0,251.0
17:30:26,Fase3_Recuperacao_ArLimpo,24.8,47.0,239.0,272.0,265.0
17:30:28,Fase3_Recuperacao_ArLimpo,24.8,47.0,272.0,260.0,262.0
17:30:30,Fase3_Recuperacao_ArLimpo,24.8,47.0,259.0,274.0,249.0
17:30:32,Fase3_Recuperacao_ArLimpo,24.8,47.0,211.0,263.0,247.0
17:30:34,Fase3_Recuperacao_ArLimpo,24.8,47.0,261.0,256.0,262.0
17:30:36,Fase3_Recuperacao_ArLimpo,24.8,47.0,225.0,282.0,247.0
17:30:38,Fase3_Recuperacao_ArLimpo,24.6,47.0,226.0,272.0,250.0
17:30:40,Fase3_Recuperacao_ArLimpo,24.5,47.0,243.0,250.0,244.0
17:30:42,Fase3_Recuperacao_ArLimpo,24.5,47.0,238.0,288.0,250.0
17:30:44,Fase3_Recuperacao_ArLimpo,24.5,47.0,236.0,277.0,254.0
17:30:46,Fase3_Recuperacao_ArLimpo,24.5,47.0,240.0,262.0,249.0
17:30:48,Fase3_Recuperacao_ArLimpo,24.5,47.0,227.0,262.0,262.0
17:30:50,Fase3_Recuperacao_ArLimpo,24.5,47.0,279.0,245.0,256.0
17:30:53,Fase3_Recuperacao_ArLimpo,24.5,47.0,231.0,285.0,283.0
17:30:55,Fase3_Recuperacao_ArLimpo,24.5,47.0,305.0,304.0,289.0
17:30:57,Fase3_Recuperacao_ArLimpo,24.5,47.0,241.0,286.0,289.0
17:30:59,Fase3_Recuperacao_ArLimpo,24.5,47.0,298.0,288.0,304.0
17:31:01,Fase3_Recuperacao_ArLimpo,24.5,48.0,243.0,322.0,272.0
17:31:03,Fase3_Recuperacao_ArLimpo,24.5,48.0,283.0,291.0,249.0
17:31:05,Fase3_Recuperacao_ArLimpo,24.5,48.0,286.0,275.0,273.0
17:31:07,Fase3_Recuperacao_ArLimpo,24.5,48.0,278.0,272.0,243.0
17:31:09,Fase3_Recuperacao_ArLimpo,24.5,47.0,263.0,281.0,269.0
17:31:11,Fase3_Recuperacao_ArLimpo,24.5,47.0,256.0,243.0,263.0
17:31:13,Fase3_Recuperacao_ArLimpo,24.5,47.0,227.0,243.0,271.0
17:31:15,Fase3_Recuperacao_ArLimpo,24.5,47.0,243.0,271.0,256.0
17:31:17,Fase3_Recuperacao_ArLimpo,24.5,47.0,264.0,258.0,251.0
17:31:19,Fase3_Recuperacao_ArLimpo,24.5,47.0,208.0,272.0,247.0
17:31:21,Fase3_Recuperacao_ArLimpo,24.5,47.0,245.0,262.0,229.0
17:31:23,Fase3_Recuperacao_ArLimpo,24.5,47.0,231.0,252.0,243.0
17:31:25,Fase3_Recuperacao_ArLimpo,24.5,47.0,272.0,290.0,249.0
17:31:27,Fase3_Recuperacao_ArLimpo,24.5,47.0,240.0,273.0,240.0
17:31:29,Fase3_Recuperacao_ArLimpo,24.5,47.0,252.0,269.0,242.0
17:31:31,Fase3_Recuperacao_ArLimpo,24.5,47.0,222.0,272.0,254.0
17:31:33,Fase3_Recuperacao_ArLimpo,24.5,47.0,230.0,242.0,249.0
17:31:35,Fase3_Recuperacao_ArLimpo,24.5,47.0,228.0,278.0,245.0
17:31:37,Fase3_Recuperacao_ArLimpo,24.5,47.0,227.0,263.0,253.0
17:31:39,Fase3_Recuperacao_ArLimpo,24.5,47.0,220.0,257.0,235.0
17:31:41,Fase3_Recuperacao_ArLimpo,24.5,47.0,231.0,240.0,261.0
17:31:43,Fase3_Recuperacao_ArLimpo,24.5,47.0,231.0,255.0,240.0
17:31:45,Fase3_Recuperacao_ArLimpo,24.5,47.0,196.0,263.0,252.0
17:31:47,Fase3_Recuperacao_ArLimpo,24.5,47.0,252.0,256.0,247.0
17:31:49,Fase3_Recuperacao_ArLimpo,24.5,47.0,243.0,266.0,239.0
17:31:51,Fase3_Recuperacao_ArLimpo,24.5,47.0,238.0,272.0,256.0
17:31:53,Fase3_Recuperacao_ArLimpo,24.5,47.0,219.0,253.0,245.0
17:31:55,Fase3_Recuperacao_ArLimpo,24.5,47.0,243.0,256.0,235.0
17:31:57,Fase3_Recuperacao_ArLimpo,24.5,47.0,211.0,277.0,237.0
17:31:59,Fase3_Recuperacao_ArLimpo,24.5,47.0,272.0,246.0,235.0
17:32:01,Fase3_Recuperacao_ArLimpo,24.5,47.0,225.0,253.0,240.0
17:32:03,Fase3_Recuperacao_ArLimpo,24.5,47.0,272.0,243.0,224.0
17:32:05,Fase3_Recuperacao_ArLimpo,24.5,47.0,205.0,278.0,230.0
17:32:07,Fase3_Recuperacao_ArLimpo,24.5,47.0,282.0,272.0,242.0
17:32:09,Fase3_Recuperacao_ArLimpo,24.5,47.0,238.0,254.0,256.0
17:32:11,Fase3_Recuperacao_ArLimpo,24.5,47.0,252.0,272.0,252.0
17:32:13,Fase3_Recuperacao_ArLimpo,24.5,47.0,246.0,240.0,251.0
17:32:16,Fase3_Recuperacao_ArLimpo,24.5,47.0,231.0,262.0,250.0
17:32:18,Fase3_Recuperacao_ArLimpo,24.5,47.0,256.0,268.0,246.0
17:32:20,Fase3_Recuperacao_ArLimpo,24.5,47.0,235.0,260.0,239.0
17:32:22,Fase3_Recuperacao_ArLimpo,24.5,47.0,241.0,252.0,243.0
17:32:24,Fase3_Recuperacao_ArLimpo,24.5,47.0,254.0,272.0,250.0
17:32:26,Fase3_Recuperacao_ArLimpo,24.5,47.0,225.0,272.0,229.0
17:32:28,Fase3_Recuperacao_ArLimpo,24.5,47.0,255.0,276.0,242.0
17:32:30,Fase3_Recuperacao_ArLimpo,24.5,47.0,226.0,272.0,242.0
17:32:32,Fase3_Recuperacao_ArLimpo,24.5,47.0,245.0,256.0,253.0
17:32:34,Fase3_Recuperacao_ArLimpo,24.5,47.0,179.0,284.0,272.0
17:32:36,Fase3_Recuperacao_ArLimpo,24.5,47.0,227.0,272.0,256.0
17:32:38,Fase3_Recuperacao_ArLimpo,24.5,47.0,219.0,240.0,249.0
17:32:40,Fase3_Recuperacao_ArLimpo,24.5,47.0,247.0,264.0,239.0
17:32:42,Fase3_Recuperacao_ArLimpo,24.5,47.0,238.0,236.0,256.0
17:32:44,Fase3_Recuperacao_ArLimpo,24.5,47.0,237.0,282.0,245.0
17:32:46,Fase3_Recuperacao_ArLimpo,24.5,47.0,300.0,254.0,250.0
17:32:48,Fase3_Recuperacao_ArLimpo,24.5,47.0,274.0,272.0,255.0
17:32:50,Fase3_Recuperacao_ArLimpo,24.5,47.0,273.0,263.0,244.0
17:32:52,Fase3_Recuperacao_ArLimpo,24.5,47.0,229.0,272.0,250.0
17:32:54,Fase3_Recuperacao_ArLimpo,24.5,47.0,271.0,273.0,257.0
17:32:56,Fase3_Recuperacao_ArLimpo,24.5,47.0,224.0,269.0,265.0
17:32:58,Fase3_Recuperacao_ArLimpo,24.5,47.0,254.0,282.0,265.0
17:33:00,Fase3_Recuperacao_ArLimpo,24.5,47.0,252.0,271.0,256.0
17:33:02,Fase3_Recuperacao_ArLimpo,24.5,47.0,272.0,261.0,263.0
17:33:04,Fase3_Recuperacao_ArLimpo,24.5,47.0,234.0,270.0,268.0
17:33:06,Fase3_Recuperacao_ArLimpo,24.5,47.0,270.0,273.0,256.0
17:33:08,Fase3_Recuperacao_ArLimpo,24.5,47.0,220.0,263.0,254.0
17:33:10,Fase3_Recuperacao_ArLimpo,24.5,47.0,263.0,276.0,258.0
17:33:12,Fase3_Recuperacao_ArLimpo,24.5,47.0,221.0,279.0,260.0
17:33:14,Fase3_Recuperacao_ArLimpo,24.5,47.0,275.0,280.0,256.0
17:33:16,Fase3_Recuperacao_ArLimpo,24.5,47.0,256.0,286.0,267.0
17:33:18,Fase3_Recuperacao_ArLimpo,24.5,47.0,252.0,257.0,269.0
17:33:20,Fase3_Recuperacao_ArLimpo,24.5,47.0,259.0,287.0,270.0
17:33:22,Fase3_Recuperacao_ArLimpo,24.5,47.0,291.0,283.0,284.0
17:33:24,Fase3_Recuperacao_ArLimpo,24.5,47.0,242.0,310.0,287.0
17:33:26,Fase3_Recuperacao_ArLimpo,24.5,47.0,317.0,331.0,282.0
17:33:28,Fase3_Recuperacao_ArLimpo,24.5,47.0,253.0,298.0,288.0
17:33:30,Fase3_Recuperacao_ArLimpo,24.5,47.0,245.0,294.0,272.0
17:33:32,Fase3_Recuperacao_ArLimpo,24.5,47.0,262.0,304.0,274.0
17:33:34,Fase3_Recuperacao_ArLimpo,24.5,47.0,299.0,326.0,305.0
17:33:37,Fase3_Recuperacao_ArLimpo,24.5,47.0,302.0,325.0,278.0
17:33:39,Fase3_Recuperacao_ArLimpo,24.5,47.0,285.0,306.0,288.0
17:33:41,Fase3_Recuperacao_ArLimpo,24.5,47.0,293.0,294.0,302.0
17:33:43,Fase3_Recuperacao_ArLimpo,24.5,47.0,272.0,305.0,271.0
17:33:45,Fase3_Recuperacao_ArLimpo,24.5,47.0,271.0,286.0,271.0
17:33:47,Fase3_Recuperacao_ArLimpo,24.5,47.0,272.0,272.0,273.0
17:33:49,Fase3_Recuperacao_ArLimpo,24.5,47.0,282.0,282.0,258.0
17:33:51,Fase3_Recuperacao_ArLimpo,24.5,47.0,279.0,277.0,282.0
17:33:53,Fase3_Recuperacao_ArLimpo,24.5,47.0,251.0,246.0,250.0
17:33:55,Fase3_Recuperacao_ArLimpo,24.5,47.0,272.0,288.0,249.0
17:33:57,Fase3_Recuperacao_ArLimpo,24.5,47.0,306.0,293.0,256.0
17:33:59,Fase3_Recuperacao_ArLimpo,24.5,47.0,241.0,301.0,243.0
17:34:01,Fase3_Recuperacao_ArLimpo,24.5,47.0,243.0,276.0,252.0
17:34:03,Fase3_Recuperacao_ArLimpo,24.5,47.0,266.0,289.0,251.0
17:34:05,Fase3_Recuperacao_ArLimpo,24.5,47.0,247.0,273.0,258.0
17:34:07,Fase3_Recuperacao_ArLimpo,24.5,47.0,233.0,273.0,272.0
17:34:09,Fase3_Recuperacao_ArLimpo,24.5,47.0,306.0,314.0,263.0
17:34:11,Fase3_Recuperacao_ArLimpo,24.5,47.0,261.0,272.0,288.0
17:34:13,Fase3_Recuperacao_ArLimpo,24.5,47.0,294.0,298.0,272.0
17:34:15,Fase3_Recuperacao_ArLimpo,24.5,47.0,261.0,285.0,255.0
17:34:17,Fase3_Recuperacao_ArLimpo,24.5,47.0,272.0,277.0,282.0
17:34:19,Fase3_Recuperacao_ArLimpo,24.5,47.0,250.0,294.0,295.0
17:34:21,Fase3_Recuperacao_ArLimpo,24.5,47.0,281.0,309.0,290.0
17:34:23,Fase3_Recuperacao_ArLimpo,24.5,47.0,229.0,297.0,279.0
17:34:25,Fase3_Recuperacao_ArLimpo,24.5,47.0,283.0,295.0,275.0
17:34:27,Fase3_Recuperacao_ArLimpo,24.5,47.0,230.0,284.0,253.0
17:34:29,Fase3_Recuperacao_ArLimpo,24.5,47.0,265.0,304.0,254.0
17:34:31,Fase3_Recuperacao_ArLimpo,24.5,47.0,240.0,272.0,277.0
17:34:33,Fase3_Recuperacao_ArLimpo,24.5,47.0,304.0,283.0,284.0
17:34:35,Fase3_Recuperacao_ArLimpo,24.5,47.0,283.0,288.0,275.0
17:34:37,Fase3_Recuperacao_ArLimpo,24.5,47.0,288.0,307.0,275.0
17:34:39,Fase3_Recuperacao_ArLimpo,24.5,47.0,293.0,304.0,282.0
17:34:41,Fase3_Recuperacao_ArLimpo,24.5,47.0,297.0,315.0,272.0
17:34:43,Fase3_Recuperacao_ArLimpo,24.5,47.0,285.0,325.0,298.0
17:34:45,Fase3_Recuperacao_ArLimpo,24.5,47.0,272.0,327.0,304.0
17:34:47,Fase3_Recuperacao_ArLimpo,24.5,47.0,261.0,304.0,268.0
17:34:49,Fase3_Recuperacao_ArLimpo,24.5,47.0,253.0,275.0,271.0
17:34:51,Fase3_Recuperacao_ArLimpo,24.5,47.0,262.0,273.0,276.0
17:34:53,Fase3_Recuperacao_ArLimpo,24.5,47.0,229.0,291.0,240.0
17:34:55,Fase3_Recuperacao_ArLimpo,24.5,47.0,310.0,267.0,257.0
17:34:58,Fase3_Recuperacao_ArLimpo,24.5,47.0,282.0,270.0,262.0
17:35:00,Fase3_Recuperacao_ArLimpo,24.5,47.0,270.0,277.0,249.0
17:35:02,Fase3_Recuperacao_ArLimpo,24.5,47.0,296.0,297.0,256.0
17:35:04,Fase3_Recuperacao_ArLimpo,24.5,47.0,270.0,263.0,258.0
17:35:06,Fase3_Recuperacao_ArLimpo,24.5,47.0,270.0,258.0,262.0
17:35:08,Fase3_Recuperacao_ArLimpo,24.5,47.0,290.0,270.0,263.0
17:35:10,Fase3_Recuperacao_ArLimpo,24.5,47.0,299.0,295.0,271.0
17:35:12,Fase3_Recuperacao_ArLimpo,24.5,47.0,333.0,345.0,272.0
17:35:14,Fase3_Recuperacao_ArLimpo,24.5,47.0,259.0,291.0,282.0
17:35:16,Fase3_Recuperacao_ArLimpo,24.5,47.0,304.0,297.0,304.0
17:35:18,Fase3_Recuperacao_ArLimpo,24.5,47.0,271.0,320.0,292.0
17:35:20,Fase3_Recuperacao_ArLimpo,24.5,47.0,262.0,280.0,266.0
17:35:22,Fase3_Recuperacao_ArLimpo,24.5,47.0,256.0,299.0,287.0
17:35:24,Fase3_Recuperacao_ArLimpo,24.5,47.0,305.0,342.0,293.0
17:35:26,Fase3_Recuperacao_ArLimpo,24.5,47.0,215.0,272.0,269.0
17:35:28,Fase3_Recuperacao_ArLimpo,24.5,47.0,256.0,295.0,271.0
17:35:30,Fase3_Recuperacao_ArLimpo,24.5,47.0,276.0,272.0,256.0
17:35:32,Fase3_Recuperacao_ArLimpo,24.5,47.0,282.0,276.0,271.0
17:35:34,Fase3_Recuperacao_ArLimpo,24.5,47.0,336.0,304.0,279.0
17:35:36,Fase3_Recuperacao_ArLimpo,24.5,47.0,263.0,295.0,286.0
17:35:38,Fase3_Recuperacao_ArLimpo,24.5,47.0,305.0,299.0,293.0
17:35:40,Fase3_Recuperacao_ArLimpo,24.5,47.0,254.0,295.0,279.0
17:35:42,Fase3_Recuperacao_ArLimpo,24.5,47.0,268.0,274.0,264.0
17:35:44,Fase3_Recuperacao_ArLimpo,24.5,47.0,279.0,301.0,273.0
17:35:46,Fase3_Recuperacao_ArLimpo,24.5,47.0,247.0,288.0,276.0
17:35:48,Fase3_Recuperacao_ArLimpo,24.5,47.0,241.0,291.0,284.0
17:35:50,Fase3_Recuperacao_ArLimpo,24.5,47.0,243.0,287.0,267.0
17:35:52,Fase3_Recuperacao_ArLimpo,24.5,47.0,286.0,290.0,284.0
17:35:54,Fase3_Recuperacao_ArLimpo,24.5,47.0,305.0,289.0,295.0
17:35:56,Fase3_Recuperacao_ArLimpo,24.5,47.0,315.0,344.0,324.0
17:35:58,Fase3_Recuperacao_ArLimpo,24.5,47.0,244.0,272.0,240.0
17:36:00,Fase3_Recuperacao_ArLimpo,24.5,47.0,258.0,278.0,250.0
17:36:02,Fase3_Recuperacao_ArLimpo,24.5,47.0,231.0,256.0,258.0
17:36:04,Fase3_Recuperacao_ArLimpo,24.5,47.0,237.0,245.0,262.0
17:36:06,Fase3_Recuperacao_ArLimpo,24.5,47.0,210.0,250.0,244.0
17:36:08,Fase3_Recuperacao_ArLimpo,24.5,47.0,238.0,250.0,249.0
17:36:10,Fase3_Recuperacao_ArLimpo,24.5,47.0,218.0,243.0,263.0
17:36:12,Fase3_Recuperacao_ArLimpo,24.5,47.0,262.0,274.0,251.0
17:36:14,Fase3_Recuperacao_ArLimpo,24.5,47.0,226.0,244.0,257.0
17:36:16,Fase3_Recuperacao_ArLimpo,24.5,47.0,242.0,237.0,242.0
17:36:19,Fase3_Recuperacao_ArLimpo,24.5,47.0,274.0,266.0,242.0
17:36:21,Fase3_Recuperacao_ArLimpo,24.5,47.0,209.0,263.0,241.0
17:36:23,Fase3_Recuperacao_ArLimpo,24.5,47.0,270.0,242.0,240.0
17:36:25,Fase3_Recuperacao_ArLimpo,24.5,47.0,242.0,238.0,243.0
17:36:27,Fase3_Recuperacao_ArLimpo,24.5,47.0,278.0,253.0,215.0
17:36:29,Fase3_Recuperacao_ArLimpo,24.5,47.0,245.0,259.0,251.0
17:36:31,Fase3_Recuperacao_ArLimpo,24.5,47.0,206.0,265.0,250.0
17:36:33,Fase3_Recuperacao_ArLimpo,24.5,47.0,194.0,263.0,230.0
17:36:35,Fase3_Recuperacao_ArLimpo,24.5,47.0,237.0,241.0,243.0
17:36:37,Fase3_Recuperacao_ArLimpo,24.5,47.0,209.0,251.0,227.0
17:36:39,Fase3_Recuperacao_ArLimpo,24.5,47.0,270.0,251.0,242.0
17:39:35,Fase4_Exposicao_Isopropilico,24.1,48.0,44.0,80.0,42.0
17:39:37,Fase4_Exposicao_Isopropilico,24.1,48.0,32.0,67.0,48.0
17:39:39,Fase4_Exposicao_Isopropilico,24.2,48.0,44.0,65.0,45.0
17:39:41,Fase4_Exposicao_Isopropilico,24.2,48.0,73.0,53.0,46.0
17:39:43,Fase4_Exposicao_Isopropilico,24.2,48.0,45.0,64.0,48.0
17:39:45,Fase4_Exposicao_Isopropilico,24.2,48.0,18.0,48.0,23.0
17:39:47,Fase4_Exposicao_Isopropilico,24.4,48.0,146.0,165.0,138.0
17:39:49,Fase4_Exposicao_Isopropilico,24.5,48.0,256.0,269.0,251.0
17:39:51,Fase4_Exposicao_Isopropilico,24.5,48.0,234.0,240.0,233.0
17:39:53,Fase4_Exposicao_Isopropilico,24.5,48.0,274.0,278.0,269.0
17:39:55,Fase4_Exposicao_Isopropilico,24.5,48.0,279.0,298.0,292.0
17:39:57,Fase4_Exposicao_Isopropilico,24.5,48.0,265.0,245.0,240.0
17:39:59,Fase4_Exposicao_Isopropilico,24.5,48.0,253.0,266.0,256.0
17:40:01,Fase4_Exposicao_Isopropilico,24.5,48.0,250.0,271.0,249.0
17:40:03,Fase4_Exposicao_Isopropilico,24.5,48.0,236.0,249.0,240.0
17:40:05,Fase4_Exposicao_Isopropilico,24.5,48.0,242.0,258.0,235.0
17:40:07,Fase4_Exposicao_Isopropilico,24.5,48.0,256.0,256.0,256.0
17:40:09,Fase4_Exposicao_Isopropilico,24.5,48.0,232.0,252.0,251.0
17:40:11,Fase4_Exposicao_Isopropilico,24.5,48.0,253.0,256.0,247.0
17:40:13,Fase4_Exposicao_Isopropilico,24.5,48.0,346.0,286.0,277.0
17:40:15,Fase4_Exposicao_Isopropilico,24.5,48.0,256.0,256.0,256.0
17:40:17,Fase4_Exposicao_Isopropilico,24.5,48.0,257.0,260.0,257.0
17:40:19,Fase4_Exposicao_Isopropilico,24.5,48.0,279.0,290.0,269.0
17:40:22,Fase4_Exposicao_Isopropilico,24.5,48.0,252.0,257.0,259.0
17:40:24,Fase4_Exposicao_Isopropilico,24.5,48.0,229.0,234.0,226.0
17:40:26,Fase4_Exposicao_Isopropilico,24.5,48.0,208.0,191.0,231.0
17:40:28,Fase4_Exposicao_Isopropilico,24.5,48.0,30.0,53.0,70.0
17:40:30,Fase4_Exposicao_Isopropilico,24.5,48.0,96.0,97.0,89.0
17:40:32,Fase4_Exposicao_Isopropilico,24.5,48.0,114.0,117.0,110.0
17:40:34,Fase4_Exposicao_Isopropilico,24.5,48.0,150.0,150.0,144.0
17:40:38,Fase4_Exposicao_Isopropilico,24.5,48.0,240.0,241.0,223.0
17:40:42,Fase4_Exposicao_Isopropilico,24.5,48.0,152.0,144.0,136.0
17:40:44,Fase4_Exposicao_Isopropilico,24.5,48.0,176.0,158.0,169.0
17:40:46,Fase4_Exposicao_Isopropilico,24.5,48.0,227.0,254.0,240.0
17:40:48,Fase4_Exposicao_Isopropilico,24.5,48.0,273.0,272.0,272.0
17:40:50,Fase4_Exposicao_Isopropilico,24.5,48.0,246.0,257.0,243.0
17:40:52,Fase4_Exposicao_Isopropilico,24.5,48.0,274.0,279.0,278.0
17:40:54,Fase4_Exposicao_Isopropilico,24.5,48.0,306.0,318.0,298.0
17:40:56,Fase4_Exposicao_Isopropilico,24.5,48.0,390.0,386.0,379.0
17:40:58,Fase4_Exposicao_Isopropilico,24.5,48.0,367.0,360.0,400.0
17:41:00,Fase4_Exposicao_Isopropilico,24.5,48.0,382.0,360.0,369.0
17:41:02,Fase4_Exposicao_Isopropilico,24.5,48.0,374.0,369.0,372.0
17:41:04,Fase4_Exposicao_Isopropilico,24.5,48.0,331.0,316.0,290.0
17:41:06,Fase4_Exposicao_Isopropilico,24.5,48.0,321.0,336.0,326.0
17:41:08,Fase4_Exposicao_Isopropilico,24.5,48.0,304.0,315.0,334.0
17:41:10,Fase4_Exposicao_Isopropilico,24.5,48.0,272.0,277.0,267.0
17:41:12,Fase4_Exposicao_Isopropilico,24.5,48.0,265.0,263.0,240.0
17:41:14,Fase4_Exposicao_Isopropilico,24.5,48.0,251.0,250.0,224.0
17:41:16,Fase4_Exposicao_Isopropilico,24.5,48.0,241.0,229.0,218.0
17:41:18,Fase4_Exposicao_Isopropilico,24.5,48.0,230.0,237.0,234.0
17:41:20,Fase4_Exposicao_Isopropilico,24.5,48.0,235.0,240.0,254.0
17:41:22,Fase4_Exposicao_Isopropilico,24.5,48.0,245.0,245.0,254.0
17:41:24,Fase4_Exposicao_Isopropilico,24.5,48.0,243.0,274.0,267.0
17:41:26,Fase4_Exposicao_Isopropilico,24.5,48.0,278.0,265.0,255.0
17:41:28,Fase4_Exposicao_Isopropilico,24.5,48.0,263.0,303.0,272.0
17:41:31,Fase4_Exposicao_Isopropilico,24.5,48.0,266.0,261.0,287.0
17:41:33,Fase4_Exposicao_Isopropilico,24.5,48.0,275.0,288.0,272.0
17:41:35,Fase4_Exposicao_Isopropilico,24.5,48.0,298.0,295.0,296.0
17:41:37,Fase4_Exposicao_Isopropilico,24.5,48.0,319.0,294.0,308.0
17:41:39,Fase4_Exposicao_Isopropilico,24.5,48.0,335.0,337.0,320.0
17:41:41,Fase4_Exposicao_Isopropilico,24.5,48.0,344.0,345.0,327.0
17:41:43,Fase4_Exposicao_Isopropilico,24.5,48.0,361.0,364.0,357.0
17:41:45,Fase4_Exposicao_Isopropilico,24.5,48.0,349.0,358.0,337.0
17:41:47,Fase4_Exposicao_Isopropilico,24.5,48.0,341.0,357.0,357.0
17:41:49,Fase4_Exposicao_Isopropilico,24.6,48.0,401.0,368.0,385.0
17:41:51,Fase4_Exposicao_Isopropilico,24.8,48.0,359.0,341.0,368.0
17:41:53,Fase4_Exposicao_Isopropilico,24.8,48.0,364.0,348.0,361.0
17:41:55,Fase4_Exposicao_Isopropilico,24.8,48.0,391.0,383.0,384.0
17:41:57,Fase4_Exposicao_Isopropilico,24.8,48.0,361.0,370.0,341.0
17:41:59,Fase4_Exposicao_Isopropilico,24.8,48.0,349.0,362.0,362.0
17:42:01,Fase4_Exposicao_Isopropilico,24.8,48.0,320.0,321.0,311.0
17:42:03,Fase4_Exposicao_Isopropilico,24.8,48.0,322.0,336.0,324.0
17:42:05,Fase4_Exposicao_Isopropilico,24.8,48.0,398.0,389.0,353.0
17:42:07,Fase4_Exposicao_Isopropilico,24.8,48.0,384.0,377.0,389.0
17:42:09,Fase4_Exposicao_Isopropilico,24.8,48.0,464.0,448.0,450.0
17:42:11,Fase4_Exposicao_Isopropilico,24.8,48.0,490.0,496.0,508.0
17:42:13,Fase4_Exposicao_Isopropilico,24.8,48.0,431.0,432.0,423.0
17:42:15,Fase4_Exposicao_Isopropilico,24.8,48.0,412.0,425.0,402.0
17:42:17,Fase4_Exposicao_Isopropilico,24.8,48.0,430.0,424.0,424.0
17:42:19,Fase4_Exposicao_Isopropilico,24.8,48.0,417.0,419.0,435.0
17:42:21,Fase4_Exposicao_Isopropilico,24.8,48.0,447.0,437.0,421.0
17:42:23,Fase4_Exposicao_Isopropilico,24.8,48.0,443.0,454.0,446.0
17:42:25,Fase4_Exposicao_Isopropilico,24.8,48.0,438.0,434.0,431.0
17:42:27,Fase4_Exposicao_Isopropilico,24.8,48.0,423.0,451.0,449.0
17:42:29,Fase4_Exposicao_Isopropilico,24.8,48.0,434.0,421.0,429.0
17:42:31,Fase4_Exposicao_Isopropilico,24.8,48.0,417.0,409.0,404.0
17:42:33,Fase4_Exposicao_Isopropilico,24.8,48.0,370.0,384.0,367.0
17:42:35,Fase4_Exposicao_Isopropilico,24.8,48.0,475.0,448.0,488.0
17:42:37,Fase4_Exposicao_Isopropilico,24.8,48.0,440.0,437.0,458.0
17:42:39,Fase4_Exposicao_Isopropilico,24.8,48.0,422.0,418.0,410.0
17:42:41,Fase4_Exposicao_Isopropilico,24.8,48.0,448.0,430.0,425.0
17:42:43,Fase4_Exposicao_Isopropilico,24.8,48.0,419.0,419.0,419.0
17:42:45,Fase4_Exposicao_Isopropilico,24.8,48.0,410.0,413.0,411.0
17:42:47,Fase4_Exposicao_Isopropilico,24.8,48.0,302.0,294.0,311.0
17:42:49,Fase4_Exposicao_Isopropilico,24.8,48.0,418.0,409.0,413.0
17:42:52,Fase4_Exposicao_Isopropilico,24.8,48.0,439.0,427.0,421.0
17:42:54,Fase4_Exposicao_Isopropilico,24.8,48.0,446.0,439.0,447.0
17:42:56,Fase4_Exposicao_Isopropilico,24.8,48.0,422.0,433.0,418.0
17:42:58,Fase4_Exposicao_Isopropilico,24.8,48.0,436.0,403.0,410.0
17:43:00,Fase4_Exposicao_Isopropilico,24.8,48.0,484.0,469.0,449.0
17:43:02,Fase4_Exposicao_Isopropilico,24.8,48.0,404.0,401.0,407.0
17:43:04,Fase4_Exposicao_Isopropilico,24.8,48.0,429.0,427.0,417.0
17:43:06,Fase4_Exposicao_Isopropilico,24.8,48.0,462.0,451.0,449.0
17:43:08,Fase4_Exposicao_Isopropilico,24.8,48.0,429.0,427.0,424.0
17:43:10,Fase4_Exposicao_Isopropilico,24.8,48.0,443.0,434.0,434.0
17:43:12,Fase4_Exposicao_Isopropilico,24.8,48.0,422.0,432.0,453.0
17:43:14,Fase4_Exposicao_Isopropilico,24.8,48.0,480.0,487.0,471.0
17:43:16,Fase4_Exposicao_Isopropilico,24.8,48.0,504.0,481.0,461.0
17:43:18,Fase4_Exposicao_Isopropilico,24.8,48.0,463.0,454.0,498.0
17:43:20,Fase4_Exposicao_Isopropilico,24.8,48.0,474.0,445.0,430.0
17:43:22,Fase4_Exposicao_Isopropilico,24.8,48.0,430.0,428.0,432.0
17:43:24,Fase4_Exposicao_Isopropilico,24.8,48.0,455.0,454.0,452.0
17:43:26,Fase4_Exposicao_Isopropilico,24.8,48.0,453.0,447.0,432.0
17:43:28,Fase4_Exposicao_Isopropilico,24.8,48.0,449.0,444.0,432.0
17:43:30,Fase4_Exposicao_Isopropilico,24.8,48.0,447.0,463.0,454.0
17:43:32,Fase4_Exposicao_Isopropilico,24.8,49.0,460.0,455.0,475.0
17:43:34,Fase4_Exposicao_Isopropilico,24.8,49.0,413.0,464.0,465.0
17:43:36,Fase4_Exposicao_Isopropilico,24.8,49.0,458.0,485.0,464.0
17:43:38,Fase4_Exposicao_Isopropilico,24.8,49.0,510.0,484.0,481.0
17:43:40,Fase4_Exposicao_Isopropilico,24.8,49.0,471.0,471.0,454.0
17:43:42,Fase4_Exposicao_Isopropilico,24.8,49.0,487.0,492.0,450.0
17:43:44,Fase4_Exposicao_Isopropilico,24.8,49.0,484.0,474.0,479.0
17:43:46,Fase4_Exposicao_Isopropilico,24.8,49.0,431.0,419.0,432.0
17:43:48,Fase4_Exposicao_Isopropilico,24.8,49.0,419.0,432.0,404.0
17:43:50,Fase4_Exposicao_Isopropilico,24.8,49.0,380.0,383.0,369.0
17:43:52,Fase4_Exposicao_Isopropilico,24.8,49.0,374.0,371.0,369.0
17:43:54,Fase4_Exposicao_Isopropilico,24.8,49.0,438.0,432.0,440.0
17:43:56,Fase4_Exposicao_Isopropilico,24.8,49.0,464.0,448.0,450.0
17:43:58,Fase4_Exposicao_Isopropilico,24.8,49.0,507.0,508.0,499.0
17:44:00,Fase4_Exposicao_Isopropilico,24.8,48.0,309.0,303.0,269.0
17:44:02,Fase4_Exposicao_Isopropilico,24.8,49.0,365.0,351.0,370.0
17:44:04,Fase4_Exposicao_Isopropilico,24.8,48.0,313.0,307.0,320.0
17:44:06,Fase4_Exposicao_Isopropilico,24.9,49.0,326.0,333.0,320.0
17:44:08,Fase4_Exposicao_Isopropilico,25.0,49.0,345.0,342.0,340.0
17:44:10,Fase4_Exposicao_Isopropilico,25.1,49.0,370.0,379.0,366.0
17:44:13,Fase4_Exposicao_Isopropilico,25.3,49.0,400.0,400.0,368.0
17:44:15,Fase4_Exposicao_Isopropilico,25.3,49.0,402.0,413.0,413.0
17:44:17,Fase4_Exposicao_Isopropilico,25.0,49.0,442.0,432.0,418.0
17:44:19,Fase4_Exposicao_Isopropilico,25.1,49.0,384.0,390.0,379.0
17:44:21,Fase4_Exposicao_Isopropilico,25.2,49.0,431.0,427.0,422.0
17:44:23,Fase4_Exposicao_Isopropilico,25.3,49.0,378.0,379.0,354.0
17:44:25,Fase4_Exposicao_Isopropilico,25.3,49.0,388.0,395.0,395.0
17:44:27,Fase4_Exposicao_Isopropilico,25.3,49.0,373.0,368.0,350.0
17:44:29,Fase4_Exposicao_Isopropilico,25.3,49.0,355.0,368.0,357.0
17:44:31,Fase4_Exposicao_Isopropilico,25.3,49.0,352.0,363.0,345.0
17:44:33,Fase4_Exposicao_Isopropilico,25.3,49.0,360.0,362.0,395.0
17:44:35,Fase4_Exposicao_Isopropilico,25.3,49.0,336.0,332.0,340.0
17:44:37,Fase4_Exposicao_Isopropilico,25.3,49.0,320.0,347.0,336.0
17:44:39,Fase4_Exposicao_Isopropilico,25.3,49.0,327.0,331.0,330.0
17:44:41,Fase4_Exposicao_Isopropilico,25.3,49.0,338.0,336.0,343.0
17:44:43,Fase4_Exposicao_Isopropilico,25.3,49.0,337.0,343.0,337.0
17:44:45,Fase4_Exposicao_Isopropilico,25.3,49.0,337.0,338.0,330.0
17:44:47,Fase4_Exposicao_Isopropilico,25.3,49.0,340.0,338.0,352.0
17:44:49,Fase4_Exposicao_Isopropilico,25.3,49.0,341.0,354.0,303.0
17:44:51,Fase4_Exposicao_Isopropilico,25.3,49.0,345.0,352.0,346.0
17:44:53,Fase4_Exposicao_Isopropilico,25.3,49.0,365.0,384.0,368.0
17:44:55,Fase4_Exposicao_Isopropilico,25.3,49.0,395.0,395.0,395.0
17:44:57,Fase4_Exposicao_Isopropilico,25.3,49.0,238.0,238.0,224.0
17:44:59,Fase4_Exposicao_Isopropilico,25.3,49.0,240.0,209.0,227.0
17:45:01,Fase4_Exposicao_Isopropilico,25.3,49.0,241.0,233.0,207.0
17:45:03,Fase4_Exposicao_Isopropilico,25.3,49.0,238.0,233.0,257.0
17:45:05,Fase4_Exposicao_Isopropilico,25.3,49.0,250.0,258.0,248.0
17:45:07,Fase4_Exposicao_Isopropilico,25.3,49.0,247.0,256.0,236.0
17:45:09,Fase4_Exposicao_Isopropilico,25.3,49.0,256.0,272.0,284.0
17:45:11,Fase4_Exposicao_Isopropilico,25.3,49.0,259.0,267.0,272.0
17:45:13,Fase4_Exposicao_Isopropilico,25.3,49.0,265.0,250.0,238.0
17:45:15,Fase4_Exposicao_Isopropilico,25.3,49.0,262.0,244.0,270.0
17:45:17,Fase4_Exposicao_Isopropilico,25.3,49.0,277.0,272.0,243.0
17:45:19,Fase4_Exposicao_Isopropilico,25.3,49.0,271.0,272.0,269.0
17:45:21,Fase4_Exposicao_Isopropilico,25.3,49.0,278.0,274.0,252.0
17:45:23,Fase4_Exposicao_Isopropilico,25.3,49.0,267.0,283.0,279.0
17:45:25,Fase4_Exposicao_Isopropilico,25.3,49.0,285.0,284.0,286.0
17:45:27,Fase4_Exposicao_Isopropilico,25.3,49.0,298.0,298.0,287.0
17:45:29,Fase4_Exposicao_Isopropilico,25.3,49.0,284.0,294.0,291.0
17:45:31,Fase4_Exposicao_Isopropilico,25.3,49.0,291.0,300.0,283.0
17:45:34,Fase4_Exposicao_Isopropilico,25.3,49.0,298.0,292.0,287.0
17:45:36,Fase4_Exposicao_Isopropilico,25.3,49.0,310.0,304.0,293.0
17:45:38,Fase4_Exposicao_Isopropilico,25.3,49.0,294.0,304.0,299.0
17:45:40,Fase4_Exposicao_Isopropilico,25.3,49.0,301.0,298.0,303.0
17:45:42,Fase4_Exposicao_Isopropilico,25.3,49.0,308.0,303.0,309.0
17:45:44,Fase4_Exposicao_Isopropilico,25.3,49.0,304.0,315.0,302.0
17:45:46,Fase4_Exposicao_Isopropilico,25.3,49.0,335.0,291.0,293.0
17:45:48,Fase4_Exposicao_Isopropilico,25.3,49.0,286.0,328.0,283.0
17:45:50,Fase4_Exposicao_Isopropilico,25.3,49.0,305.0,305.0,289.0
17:45:52,Fase4_Exposicao_Isopropilico,25.3,49.0,304.0,315.0,311.0
17:45:54,Fase4_Exposicao_Isopropilico,25.3,49.0,313.0,312.0,295.0
17:45:56,Fase4_Exposicao_Isopropilico,25.3,49.0,329.0,330.0,324.0
17:45:58,Fase4_Exposicao_Isopropilico,25.3,49.0,363.0,368.0,370.0
17:46:00,Fase4_Exposicao_Isopropilico,25.3,49.0,398.0,400.0,371.0
17:46:02,Fase4_Exposicao_Isopropilico,25.3,49.0,432.0,430.0,407.0
17:46:04,Fase4_Exposicao_Isopropilico,25.3,49.0,451.0,432.0,435.0
17:46:06,Fase4_Exposicao_Isopropilico,25.3,49.0,397.0,409.0,401.0
17:46:08,Fase4_Exposicao_Isopropilico,25.3,49.0,399.0,389.0,394.0
17:46:10,Fase4_Exposicao_Isopropilico,25.3,49.0,404.0,403.0,407.0
17:46:12,Fase4_Exposicao_Isopropilico,25.3,49.0,390.0,417.0,403.0
17:46:14,Fase4_Exposicao_Isopropilico,25.3,49.0,395.0,400.0,387.0
17:46:16,Fase4_Exposicao_Isopropilico,25.3,49.0,368.0,378.0,351.0
17:46:18,Fase4_Exposicao_Isopropilico,25.3,49.0,341.0,348.0,329.0
17:46:20,Fase4_Exposicao_Isopropilico,25.3,49.0,368.0,381.0,385.0
17:46:22,Fase4_Exposicao_Isopropilico,25.3,49.0,318.0,352.0,323.0
17:46:24,Fase4_Exposicao_Isopropilico,25.3,49.0,427.0,390.0,416.0
17:46:26,Fase4_Exposicao_Isopropilico,25.3,49.0,381.0,379.0,378.0
17:46:28,Fase4_Exposicao_Isopropilico,25.3,49.0,385.0,389.0,391.0
17:46:30,Fase4_Exposicao_Isopropilico,25.3,49.0,253.0,282.0,256.0
17:46:32,Fase4_Exposicao_Isopropilico,25.3,49.0,246.0,240.0,251.0
17:46:34,Fase4_Exposicao_Isopropilico,25.3,49.0,247.0,271.0,252.0
17:46:36,Fase4_Exposicao_Isopropilico,25.3,49.0,249.0,262.0,255.0
17:46:38,Fase4_Exposicao_Isopropilico,25.3,49.0,257.0,273.0,282.0
17:46:40,Fase4_Exposicao_Isopropilico,25.3,49.0,223.0,265.0,255.0
17:46:42,Fase4_Exposicao_Isopropilico,25.3,49.0,267.0,278.0,272.0
17:46:44,Fase4_Exposicao_Isopropilico,25.3,49.0,277.0,278.0,292.0
17:46:46,Fase4_Exposicao_Isopropilico,25.3,49.0,295.0,272.0,281.0
17:46:48,Fase4_Exposicao_Isopropilico,25.3,49.0,295.0,302.0,272.0
17:46:50,Fase4_Exposicao_Isopropilico,25.3,49.0,258.0,301.0,307.0
17:46:52,Fase4_Exposicao_Isopropilico,25.3,49.0,307.0,304.0,287.0
17:46:54,Fase4_Exposicao_Isopropilico,25.3,49.0,326.0,311.0,337.0
17:46:57,Fase4_Exposicao_Isopropilico,25.3,49.0,354.0,357.0,330.0
17:46:59,Fase4_Exposicao_Isopropilico,25.3,49.0,336.0,337.0,338.0
17:47:01,Fase4_Exposicao_Isopropilico,25.3,49.0,345.0,336.0,320.0
17:47:03,Fase4_Exposicao_Isopropilico,25.3,49.0,343.0,354.0,352.0
17:47:05,Fase4_Exposicao_Isopropilico,25.3,49.0,348.0,357.0,351.0
17:47:07,Fase4_Exposicao_Isopropilico,25.3,49.0,381.0,371.0,371.0
17:47:09,Fase4_Exposicao_Isopropilico,25.3,49.0,371.0,368.0,371.0
17:47:11,Fase4_Exposicao_Isopropilico,25.3,49.0,443.0,448.0,443.0
17:47:13,Fase4_Exposicao_Isopropilico,25.3,49.0,459.0,464.0,455.0
17:47:15,Fase4_Exposicao_Isopropilico,25.3,49.0,462.0,434.0,438.0
17:47:17,Fase4_Exposicao_Isopropilico,25.3,49.0,432.0,419.0,390.0
17:47:19,Fase4_Exposicao_Isopropilico,25.3,49.0,441.0,436.0,441.0
17:47:21,Fase4_Exposicao_Isopropilico,25.3,49.0,423.0,416.0,447.0
17:47:23,Fase4_Exposicao_Isopropilico,25.3,49.0,437.0,423.0,423.0
17:47:25,Fase4_Exposicao_Isopropilico,25.3,49.0,416.0,419.0,445.0
17:47:27,Fase4_Exposicao_Isopropilico,25.3,49.0,287.0,306.0,266.0
17:47:29,Fase4_Exposicao_Isopropilico,25.3,49.0,250.0,270.0,240.0
17:47:31,Fase4_Exposicao_Isopropilico,25.3,49.0,198.0,272.0,267.0
17:47:33,Fase4_Exposicao_Isopropilico,25.3,49.0,270.0,267.0,272.0
17:47:35,Fase4_Exposicao_Isopropilico,25.3,49.0,268.0,272.0,266.0
17:47:37,Fase4_Exposicao_Isopropilico,25.3,49.0,259.0,271.0,258.0
17:47:39,Fase4_Exposicao_Isopropilico,25.3,49.0,283.0,272.0,266.0
17:47:41,Fase4_Exposicao_Isopropilico,25.3,49.0,263.0,270.0,261.0
17:47:43,Fase4_Exposicao_Isopropilico,25.3,49.0,257.0,269.0,257.0
17:47:45,Fase4_Exposicao_Isopropilico,25.3,49.0,267.0,272.0,261.0
17:47:47,Fase4_Exposicao_Isopropilico,25.3,49.0,272.0,278.0,266.0
17:47:49,Fase4_Exposicao_Isopropilico,25.3,49.0,274.0,270.0,274.0
17:47:51,Fase4_Exposicao_Isopropilico,25.3,49.0,261.0,272.0,258.0
17:47:53,Fase4_Exposicao_Isopropilico,25.3,49.0,259.0,266.0,272.0
17:47:55,Fase4_Exposicao_Isopropilico,25.3,49.0,258.0,256.0,272.0
17:47:57,Fase4_Exposicao_Isopropilico,25.3,49.0,256.0,258.0,256.0
17:47:59,Fase4_Exposicao_Isopropilico,25.3,49.0,263.0,252.0,262.0
17:48:01,Fase4_Exposicao_Isopropilico,25.3,49.0,256.0,257.0,265.0
17:48:03,Fase4_Exposicao_Isopropilico,25.3,49.0,235.0,266.0,247.0
17:48:05,Fase4_Exposicao_Isopropilico,25.3,49.0,259.0,273.0,256.0
17:48:07,Fase4_Exposicao_Isopropilico,25.3,49.0,258.0,279.0,272.0
17:48:09,Fase4_Exposicao_Isopropilico,25.3,49.0,265.0,262.0,252.0
17:48:11,Fase4_Exposicao_Isopropilico,25.3,49.0,263.0,280.0,270.0
17:48:13,Fase4_Exposicao_Isopropilico,25.3,49.0,265.0,266.0,261.0
17:48:15,Fase4_Exposicao_Isopropilico,25.3,49.0,272.0,272.0,271.0
17:48:18,Fase4_Exposicao_Isopropilico,25.3,49.0,266.0,272.0,272.0
17:48:20,Fase4_Exposicao_Isopropilico,25.3,49.0,265.0,257.0,269.0
17:48:22,Fase4_Exposicao_Isopropilico,25.3,49.0,257.0,265.0,266.0
17:48:24,Fase4_Exposicao_Isopropilico,25.3,49.0,269.0,292.0,302.0
17:48:26,Fase4_Exposicao_Isopropilico,25.3,49.0,241.0,245.0,270.0
17:48:28,Fase4_Exposicao_Isopropilico,25.3,49.0,279.0,256.0,281.0
17:48:30,Fase4_Exposicao_Isopropilico,25.4,49.0,270.0,289.0,246.0
17:48:32,Fase4_Exposicao_Isopropilico,25.4,49.0,287.0,317.0,275.0
17:48:34,Fase4_Exposicao_Isopropilico,25.5,49.0,288.0,288.0,289.0
17:48:36,Fase4_Exposicao_Isopropilico,25.6,49.0,297.0,288.0,286.0
17:48:38,Fase4_Exposicao_Isopropilico,25.7,49.0,292.0,287.0,305.0
17:48:40,Fase4_Exposicao_Isopropilico,25.8,49.0,298.0,291.0,290.0
17:48:42,Fase4_Exposicao_Isopropilico,25.8,49.0,308.0,323.0,291.0
17:48:44,Fase4_Exposicao_Isopropilico,25.8,49.0,331.0,304.0,334.0
17:48:46,Fase4_Exposicao_Isopropilico,25.8,49.0,463.0,467.0,458.0
17:48:48,Fase4_Exposicao_Isopropilico,25.8,49.0,422.0,412.0,435.0
17:48:50,Fase4_Exposicao_Isopropilico,25.8,49.0,432.0,426.0,417.0
17:48:52,Fase4_Exposicao_Isopropilico,25.8,49.0,438.0,441.0,404.0
17:48:54,Fase4_Exposicao_Isopropilico,25.8,49.0,423.0,448.0,430.0
17:48:56,Fase4_Exposicao_Isopropilico,25.8,49.0,423.0,399.0,427.0
17:48:58,Fase4_Exposicao_Isopropilico,25.8,49.0,415.0,413.0,429.0
17:49:00,Fase4_Exposicao_Isopropilico,25.8,49.0,447.0,425.0,417.0
17:49:02,Fase4_Exposicao_Isopropilico,25.8,49.0,426.0,427.0,422.0
17:49:04,Fase4_Exposicao_Isopropilico,25.8,49.0,464.0,464.0,464.0
17:49:06,Fase4_Exposicao_Isopropilico,25.8,49.0,427.0,423.0,415.0
17:49:08,Fase4_Exposicao_Isopropilico,25.8,49.0,419.0,422.0,416.0
17:49:10,Fase4_Exposicao_Isopropilico,25.8,49.0,395.0,398.0,412.0
17:49:12,Fase4_Exposicao_Isopropilico,25.8,49.0,343.0,357.0,361.0
17:49:14,Fase4_Exposicao_Isopropilico,25.8,49.0,351.0,346.0,337.0
17:49:16,Fase4_Exposicao_Isopropilico,25.8,49.0,331.0,336.0,315.0
17:49:18,Fase4_Exposicao_Isopropilico,25.8,49.0,333.0,320.0,310.0
17:49:20,Fase4_Exposicao_Isopropilico,25.8,49.0,309.0,310.0,319.0
17:49:22,Fase4_Exposicao_Isopropilico,25.8,49.0,312.0,294.0,310.0
17:49:24,Fase4_Exposicao_Isopropilico,25.8,49.0,313.0,331.0,341.0
17:49:26,Fase4_Exposicao_Isopropilico,25.8,49.0,310.0,315.0,291.0
17:49:28,Fase4_Exposicao_Isopropilico,25.8,49.0,304.0,295.0,322.0
17:49:30,Fase4_Exposicao_Isopropilico,25.8,49.0,302.0,308.0,304.0
17:49:32,Fase4_Exposicao_Isopropilico,25.8,49.0,310.0,305.0,299.0
17:49:34,Fase4_Exposicao_Isopropilico,25.8,49.0,299.0,295.0,302.0
17:49:36,Fase4_Exposicao_Isopropilico,25.8,49.0,311.0,304.0,304.0
17:49:39,Fase4_Exposicao_Isopropilico,25.8,49.0,304.0,290.0,295.0
17:49:41,Fase4_Exposicao_Isopropilico,25.8,49.0,302.0,310.0,304.0
17:49:43,Fase4_Exposicao_Isopropilico,25.8,49.0,315.0,306.0,310.0
17:49:45,Fase4_Exposicao_Isopropilico,25.8,49.0,320.0,317.0,310.0
17:50:19,Fase5_Recuperacao_Final,25.8,49.0,201.0,192.0,176.0
17:50:21,Fase5_Recuperacao_Final,25.8,49.0,169.0,207.0,174.0
17:50:23,Fase5_Recuperacao_Final,25.8,49.0,170.0,214.0,146.0
17:50:25,Fase5_Recuperacao_Final,25.8,49.0,175.0,188.0,165.0
17:50:27,Fase5_Recuperacao_Final,25.8,49.0,179.0,192.0,145.0
17:50:29,Fase5_Recuperacao_Final,25.8,49.0,143.0,175.0,176.0
17:50:31,Fase5_Recuperacao_Final,25.8,49.0,147.0,166.0,160.0
17:50:33,Fase5_Recuperacao_Final,25.8,49.0,167.0,176.0,173.0
17:50:35,Fase5_Recuperacao_Final,25.8,49.0,162.0,144.0,169.0
17:50:37,Fase5_Recuperacao_Final,25.8,49.0,165.0,166.0,170.0
17:50:39,Fase5_Recuperacao_Final,25.8,49.0,160.0,164.0,155.0
17:50:41,Fase5_Recuperacao_Final,25.8,49.0,157.0,202.0,174.0
17:50:43,Fase5_Recuperacao_Final,25.8,49.0,173.0,165.0,121.0
17:50:45,Fase5_Recuperacao_Final,25.8,49.0,156.0,184.0,160.0
17:50:47,Fase5_Recuperacao_Final,25.8,49.0,144.0,166.0,182.0
17:50:49,Fase5_Recuperacao_Final,25.8,49.0,153.0,188.0,155.0
17:50:51,Fase5_Recuperacao_Final,25.8,49.0,167.0,170.0,155.0
17:50:53,Fase5_Recuperacao_Final,25.8,49.0,146.0,127.0,192.0
17:50:55,Fase5_Recuperacao_Final,25.8,49.0,128.0,143.0,172.0
17:50:57,Fase5_Recuperacao_Final,25.8,49.0,183.0,162.0,131.0
17:51:00,Fase5_Recuperacao_Final,25.8,49.0,114.0,176.0,163.0
17:51:02,Fase5_Recuperacao_Final,25.8,49.0,139.0,194.0,138.0
17:51:04,Fase5_Recuperacao_Final,25.8,49.0,144.0,112.0,126.0
17:51:06,Fase5_Recuperacao_Final,25.8,49.0,147.0,157.0,162.0
17:51:08,Fase5_Recuperacao_Final,25.8,49.0,169.0,167.0,155.0
17:51:10,Fase5_Recuperacao_Final,25.8,49.0,210.0,158.0,144.0
17:51:12,Fase5_Recuperacao_Final,25.8,49.0,171.0,173.0,175.0
17:51:14,Fase5_Recuperacao_Final,25.8,49.0,144.0,149.0,138.0
17:51:16,Fase5_Recuperacao_Final,25.8,49.0,156.0,155.0,155.0
17:51:18,Fase5_Recuperacao_Final,25.8,49.0,131.0,167.0,153.0
17:51:20,Fase5_Recuperacao_Final,25.8,49.0,180.0,172.0,151.0
17:51:22,Fase5_Recuperacao_Final,25.8,49.0,139.0,186.0,155.0
17:51:24,Fase5_Recuperacao_Final,25.8,49.0,159.0,179.0,158.0
17:51:26,Fase5_Recuperacao_Final,25.8,49.0,153.0,149.0,144.0
17:51:28,Fase5_Recuperacao_Final,25.8,49.0,110.0,176.0,144.0
17:51:30,Fase5_Recuperacao_Final,25.8,49.0,121.0,181.0,176.0
17:51:32,Fase5_Recuperacao_Final,25.8,49.0,153.0,151.0,167.0
17:51:34,Fase5_Recuperacao_Final,25.8,49.0,133.0,201.0,144.0
17:51:36,Fase5_Recuperacao_Final,25.8,49.0,146.0,183.0,144.0
17:51:38,Fase5_Recuperacao_Final,25.8,49.0,160.0,135.0,149.0
17:51:40,Fase5_Recuperacao_Final,25.8,49.0,116.0,163.0,129.0
17:51:42,Fase5_Recuperacao_Final,25.8,49.0,144.0,156.0,144.0
17:51:44,Fase5_Recuperacao_Final,25.8,49.0,150.0,160.0,155.0
17:51:46,Fase5_Recuperacao_Final,25.8,49.0,138.0,150.0,150.0
17:51:48,Fase5_Recuperacao_Final,25.8,49.0,149.0,157.0,144.0
17:51:50,Fase5_Recuperacao_Final,25.8,49.0,139.0,142.0,162.0
17:51:52,Fase5_Recuperacao_Final,25.8,49.0,142.0,186.0,144.0
17:51:54,Fase5_Recuperacao_Final,25.8,49.0,167.0,185.0,186.0
17:51:56,Fase5_Recuperacao_Final,25.8,49.0,135.0,162.0,195.0
17:51:58,Fase5_Recuperacao_Final,25.8,49.0,160.0,185.0,159.0
17:52:00,Fase5_Recuperacao_Final,25.8,49.0,153.0,176.0,156.0
17:52:02,Fase5_Recuperacao_Final,25.8,49.0,158.0,156.0,155.0
17:52:04,Fase5_Recuperacao_Final,25.8,49.0,133.0,144.0,155.0
17:52:06,Fase5_Recuperacao_Final,25.8,49.0,140.0,155.0,159.0
17:52:08,Fase5_Recuperacao_Final,25.8,49.0,140.0,164.0,157.0
17:52:10,Fase5_Recuperacao_Final,25.8,49.0,154.0,161.0,163.0
17:52:12,Fase5_Recuperacao_Final,25.8,49.0,144.0,84.0,144.0
17:52:14,Fase5_Recuperacao_Final,25.8,49.0,151.0,196.0,145.0
17:52:16,Fase5_Recuperacao_Final,25.8,49.0,139.0,159.0,144.0
17:52:18,Fase5_Recuperacao_Final,25.8,49.0,176.0,144.0,166.0
17:52:21,Fase5_Recuperacao_Final,25.8,49.0,131.0,171.0,117.0
17:52:23,Fase5_Recuperacao_Final,25.8,49.0,134.0,166.0,123.0
17:52:25,Fase5_Recuperacao_Final,25.8,49.0,153.0,155.0,135.0
17:52:27,Fase5_Recuperacao_Final,25.8,49.0,162.0,161.0,143.0
17:52:29,Fase5_Recuperacao_Final,25.8,49.0,144.0,146.0,139.0
17:52:31,Fase5_Recuperacao_Final,25.8,49.0,144.0,154.0,165.0
17:52:33,Fase5_Recuperacao_Final,25.8,49.0,173.0,122.0,137.0
17:52:35,Fase5_Recuperacao_Final,25.8,49.0,153.0,146.0,176.0
17:52:37,Fase5_Recuperacao_Final,25.8,49.0,175.0,200.0,149.0
17:52:39,Fase5_Recuperacao_Final,25.8,49.0,144.0,171.0,149.0
17:52:41,Fase5_Recuperacao_Final,25.8,49.0,171.0,138.0,183.0
17:52:43,Fase5_Recuperacao_Final,25.8,49.0,153.0,154.0,144.0
17:52:45,Fase5_Recuperacao_Final,25.8,49.0,160.0,161.0,127.0
17:52:47,Fase5_Recuperacao_Final,25.8,49.0,148.0,140.0,175.0
17:52:49,Fase5_Recuperacao_Final,25.8,49.0,143.0,134.0,121.0
17:52:51,Fase5_Recuperacao_Final,25.8,49.0,144.0,170.0,145.0
17:52:53,Fase5_Recuperacao_Final,25.8,49.0,125.0,170.0,112.0
17:52:55,Fase5_Recuperacao_Final,25.8,49.0,128.0,150.0,161.0
17:52:57,Fase5_Recuperacao_Final,25.8,49.0,112.0,167.0,175.0
17:52:59,Fase5_Recuperacao_Final,25.8,49.0,143.0,142.0,118.0
17:53:01,Fase5_Recuperacao_Final,25.8,49.0,192.0,145.0,173.0
17:53:03,Fase5_Recuperacao_Final,25.8,49.0,144.0,125.0,155.0
17:53:05,Fase5_Recuperacao_Final,25.8,49.0,204.0,179.0,159.0
17:53:07,Fase5_Recuperacao_Final,25.8,49.0,110.0,161.0,112.0
17:53:09,Fase5_Recuperacao_Final,25.8,49.0,211.0,173.0,129.0
17:53:11,Fase5_Recuperacao_Final,25.8,49.0,106.0,178.0,132.0
17:53:13,Fase5_Recuperacao_Final,25.8,49.0,145.0,163.0,140.0
17:53:15,Fase5_Recuperacao_Final,25.8,49.0,144.0,168.0,133.0
17:53:17,Fase5_Recuperacao_Final,25.8,49.0,154.0,161.0,146.0
17:53:19,Fase5_Recuperacao_Final,25.8,49.0,134.0,150.0,131.0
17:53:21,Fase5_Recuperacao_Final,25.8,49.0,147.0,163.0,149.0
17:53:23,Fase5_Recuperacao_Final,25.8,49.0,144.0,151.0,149.0
17:53:25,Fase5_Recuperacao_Final,25.8,49.0,228.0,189.0,169.0
17:53:27,Fase5_Recuperacao_Final,25.8,49.0,176.0,160.0,115.0
17:53:29,Fase5_Recuperacao_Final,25.8,49.0,176.0,139.0,128.0
17:53:31,Fase5_Recuperacao_Final,25.8,49.0,93.0,178.0,147.0
17:53:33,Fase5_Recuperacao_Final,25.8,49.0,162.0,131.0,144.0
17:53:35,Fase5_Recuperacao_Final,25.8,49.0,115.0,173.0,151.0
17:53:37,Fase5_Recuperacao_Final,25.8,49.0,162.0,165.0,137.0
17:53:39,Fase5_Recuperacao_Final,25.8,49.0,126.0,154.0,142.0
17:53:42,Fase5_Recuperacao_Final,25.8,49.0,160.0,170.0,146.0
17:53:44,Fase5_Recuperacao_Final,25.8,49.0,128.0,142.0,138.0
17:53:46,Fase5_Recuperacao_Final,25.8,49.0,186.0,155.0,138.0
17:53:48,Fase5_Recuperacao_Final,25.8,49.0,158.0,167.0,119.0
17:53:50,Fase5_Recuperacao_Final,25.8,49.0,112.0,186.0,126.0
17:53:52,Fase5_Recuperacao_Final,25.8,49.0,176.0,198.0,166.0
17:53:54,Fase5_Recuperacao_Final,25.8,49.0,129.0,149.0,160.0
17:53:56,Fase5_Recuperacao_Final,25.8,49.0,208.0,166.0,144.0
17:53:58,Fase5_Recuperacao_Final,25.8,49.0,112.0,144.0,169.0
17:54:00,Fase5_Recuperacao_Final,25.8,49.0,130.0,118.0,146.0
17:54:02,Fase5_Recuperacao_Final,25.8,49.0,165.0,180.0,138.0
17:54:04,Fase5_Recuperacao_Final,25.8,49.0,138.0,160.0,141.0
17:54:06,Fase5_Recuperacao_Final,25.8,49.0,130.0,175.0,126.0
17:54:08,Fase5_Recuperacao_Final,25.8,49.0,160.0,158.0,144.0
17:54:10,Fase5_Recuperacao_Final,25.8,49.0,128.0,171.0,135.0
17:54:12,Fase5_Recuperacao_Final,25.8,49.0,158.0,194.0,143.0
17:54:14,Fase5_Recuperacao_Final,25.8,49.0,172.0,176.0,166.0
17:54:16,Fase5_Recuperacao_Final,25.8,49.0,176.0,144.0,131.0
17:54:18,Fase5_Recuperacao_Final,25.8,49.0,184.0,150.0,156.0
17:54:20,Fase5_Recuperacao_Final,25.8,49.0,143.0,203.0,111.0
17:54:22,Fase5_Recuperacao_Final,25.8,49.0,126.0,164.0,166.0
17:54:24,Fase5_Recuperacao_Final,25.8,50.0,174.0,123.0,150.0
17:54:26,Fase5_Recuperacao_Final,25.8,50.0,132.0,122.0,159.0
17:54:28,Fase5_Recuperacao_Final,25.8,50.0,177.0,172.0,165.0
17:54:30,Fase5_Recuperacao_Final,25.8,50.0,171.0,151.0,117.0
17:54:32,Fase5_Recuperacao_Final,25.8,50.0,144.0,160.0,147.0
17:54:34,Fase5_Recuperacao_Final,25.8,50.0,111.0,143.0,144.0
17:54:36,Fase5_Recuperacao_Final,25.8,50.0,176.0,169.0,166.0
17:54:38,Fase5_Recuperacao_Final,25.8,50.0,144.0,166.0,159.0
17:54:40,Fase5_Recuperacao_Final,25.8,50.0,144.0,167.0,159.0
17:54:42,Fase5_Recuperacao_Final,25.8,50.0,125.0,144.0,159.0
17:54:44,Fase5_Recuperacao_Final,25.8,50.0,138.0,142.0,160.0
17:54:46,Fase5_Recuperacao_Final,25.8,50.0,133.0,172.0,146.0
17:54:48,Fase5_Recuperacao_Final,25.8,49.0,116.0,135.0,135.0
17:54:50,Fase5_Recuperacao_Final,25.8,49.0,144.0,147.0,128.0
17:54:52,Fase5_Recuperacao_Final,25.8,49.0,185.0,155.0,151.0
17:54:54,Fase5_Recuperacao_Final,25.8,49.0,101.0,166.0,174.0
17:54:56,Fase5_Recuperacao_Final,25.8,49.0,173.0,139.0,144.0
17:54:58,Fase5_Recuperacao_Final,25.8,49.0,154.0,177.0,142.0
17:55:00,Fase5_Recuperacao_Final,25.8,49.0,183.0,184.0,155.0
17:55:03,Fase5_Recuperacao_Final,25.8,49.0,91.0,166.0,144.0
17:55:05,Fase5_Recuperacao_Final,25.8,49.0,171.0,158.0,146.0
17:55:07,Fase5_Recuperacao_Final,25.8,49.0,131.0,144.0,162.0
17:55:09,Fase5_Recuperacao_Final,25.8,49.0,158.0,95.0,155.0
17:55:11,Fase5_Recuperacao_Final,25.8,49.0,131.0,147.0,156.0
17:55:13,Fase5_Recuperacao_Final,25.8,49.0,116.0,148.0,154.0
17:55:15,Fase5_Recuperacao_Final,25.8,49.0,168.0,165.0,153.0
17:55:17,Fase5_Recuperacao_Final,25.8,49.0,162.0,144.0,149.0
17:55:19,Fase5_Recuperacao_Final,25.8,49.0,144.0,144.0,163.0
17:55:21,Fase5_Recuperacao_Final,25.8,49.0,167.0,144.0,149.0
17:55:23,Fase5_Recuperacao_Final,25.8,49.0,135.0,154.0,145.0
17:55:25,Fase5_Recuperacao_Final,25.8,49.0,148.0,185.0,172.0
17:55:27,Fase5_Recuperacao_Final,25.8,49.0,153.0,155.0,155.0
17:55:29,Fase5_Recuperacao_Final,25.8,49.0,143.0,138.0,144.0
17:55:31,Fase5_Recuperacao_Final,25.8,49.0,170.0,166.0,144.0
17:55:33,Fase5_Recuperacao_Final,25.8,49.0,155.0,147.0,139.0
17:55:35,Fase5_Recuperacao_Final,25.8,49.0,158.0,184.0,147.0
17:55:37,Fase5_Recuperacao_Final,25.8,49.0,124.0,176.0,144.0
17:55:39,Fase5_Recuperacao_Final,25.8,49.0,141.0,189.0,155.0
17:55:41,Fase5_Recuperacao_Final,25.8,49.0,115.0,156.0,155.0
17:55:43,Fase5_Recuperacao_Final,25.8,49.0,116.0,159.0,135.0
17:55:45,Fase5_Recuperacao_Final,25.8,49.0,154.0,154.0,153.0
17:55:47,Fase5_Recuperacao_Final,25.8,49.0,156.0,137.0,135.0
17:55:49,Fase5_Recuperacao_Final,25.8,49.0,139.0,176.0,129.0
17:55:51,Fase5_Recuperacao_Final,25.8,49.0,186.0,164.0,145.0
17:55:53,Fase5_Recuperacao_Final,25.8,49.0,156.0,148.0,129.0
17:55:55,Fase5_Recuperacao_Final,25.8,49.0,144.0,144.0,112.0
17:55:57,Fase5_Recuperacao_Final,25.8,49.0,145.0,181.0,127.0
17:55:59,Fase5_Recuperacao_Final,25.8,49.0,149.0,147.0,141.0
17:56:01,Fase5_Recuperacao_Final,25.8,49.0,118.0,171.0,144.0
17:56:03,Fase5_Recuperacao_Final,25.8,49.0,168.0,161.0,163.0
17:56:05,Fase5_Recuperacao_Final,25.8,49.0,93.0,159.0,139.0
17:56:07,Fase5_Recuperacao_Final,25.8,49.0,128.0,151.0,120.0
17:56:09,Fase5_Recuperacao_Final,25.8,49.0,133.0,128.0,158.0
17:56:11,Fase5_Recuperacao_Final,25.8,49.0,131.0,134.0,142.0
17:56:13,Fase5_Recuperacao_Final,25.8,49.0,141.0,171.0,155.0
17:56:15,Fase5_Recuperacao_Final,25.8,49.0,149.0,161.0,166.0
17:56:17,Fase5_Recuperacao_Final,25.8,49.0,143.0,145.0,160.0
17:56:19,Fase5_Recuperacao_Final,25.8,49.0,176.0,172.0,125.0
17:56:21,Fase5_Recuperacao_Final,25.8,49.0,119.0,161.0,143.0
17:56:24,Fase5_Recuperacao_Final,25.8,49.0,168.0,144.0,177.0
17:56:26,Fase5_Recuperacao_Final,25.8,49.0,157.0,159.0,128.0
17:56:28,Fase5_Recuperacao_Final,25.8,49.0,156.0,161.0,144.0
17:56:30,Fase5_Recuperacao_Final,25.8,49.0,137.0,143.0,154.0
17:56:32,Fase5_Recuperacao_Final,25.8,49.0,175.0,175.0,142.0
17:56:34,Fase5_Recuperacao_Final,25.8,49.0,121.0,149.0,144.0
17:56:36,Fase5_Recuperacao_Final,25.8,49.0,118.0,176.0,171.0
17:56:38,Fase5_Recuperacao_Final,25.8,49.0,129.0,158.0,155.0
17:56:40,Fase5_Recuperacao_Final,25.8,49.0,194.0,173.0,140.0
17:56:42,Fase5_Recuperacao_Final,25.8,49.0,113.0,176.0,159.0
17:56:44,Fase5_Recuperacao_Final,25.8,49.0,132.0,137.0,118.0
17:56:46,Fase5_Recuperacao_Final,25.8,49.0,194.0,160.0,130.0
17:56:48,Fase5_Recuperacao_Final,25.8,49.0,142.0,156.0,148.0
17:56:50,Fase5_Recuperacao_Final,25.8,49.0,155.0,175.0,145.0
17:56:52,Fase5_Recuperacao_Final,25.8,49.0,158.0,172.0,144.0
17:56:54,Fase5_Recuperacao_Final,25.8,49.0,158.0,149.0,151.0
17:56:56,Fase5_Recuperacao_Final,25.8,49.0,112.0,163.0,145.0
17:56:58,Fase5_Recuperacao_Final,25.8,49.0,142.0,147.0,145.0
17:57:00,Fase5_Recuperacao_Final,25.8,49.0,149.0,188.0,152.0
17:57:02,Fase5_Recuperacao_Final,25.8,49.0,144.0,179.0,155.0
17:57:04,Fase5_Recuperacao_Final,25.8,49.0,107.0,161.0,157.0
17:57:06,Fase5_Recuperacao_Final,25.8,49.0,135.0,175.0,127.0
17:57:08,Fase5_Recuperacao_Final,25.8,49.0,132.0,154.0,171.0
17:57:10,Fase5_Recuperacao_Final,25.8,49.0,146.0,151.0,151.0
17:57:12,Fase5_Recuperacao_Final,25.8,49.0,165.0,174.0,141.0
17:57:14,Fase5_Recuperacao_Final,25.8,49.0,140.0,158.0,144.0
17:57:16,Fase5_Recuperacao_Final,25.8,49.0,153.0,163.0,144.0
17:57:18,Fase5_Recuperacao_Final,25.8,49.0,129.0,160.0,131.0
17:57:20,Fase5_Recuperacao_Final,25.8,49.0,166.0,157.0,163.0
17:57:22,Fase5_Recuperacao_Final,25.8,49.0,137.0,153.0,128.0
17:57:24,Fase5_Recuperacao_Final,25.8,49.0,154.0,161.0,143.0
17:57:26,Fase5_Recuperacao_Final,25.8,49.0,192.0,198.0,132.0
17:57:28,Fase5_Recuperacao_Final,25.8,50.0,178.0,190.0,151.0
17:57:30,Fase5_Recuperacao_Final,25.8,50.0,176.0,174.0,129.0
17:57:32,Fase5_Recuperacao_Final,25.8,49.0,197.0,172.0,147.0
17:57:34,Fase5_Recuperacao_Final,25.8,49.0,144.0,176.0,146.0
17:57:36,Fase5_Recuperacao_Final,25.8,49.0,107.0,164.0,160.0
17:57:38,Fase5_Recuperacao_Final,25.8,49.0,123.0,160.0,145.0
17:57:40,Fase5_Recuperacao_Final,25.8,49.0,91.0,159.0,160.0
17:57:42,Fase5_Recuperacao_Final,25.8,49.0,157.0,144.0,128.0
17:57:45,Fase5_Recuperacao_Final,25.8,49.0,138.0,159.0,139.0
17:57:47,Fase5_Recuperacao_Final,25.8,49.0,157.0,187.0,146.0
17:57:49,Fase5_Recuperacao_Final,25.8,49.0,147.0,169.0,137.0
17:57:51,Fase5_Recuperacao_Final,25.8,49.0,144.0,156.0,145.0
17:57:53,Fase5_Recuperacao_Final,25.8,49.0,139.0,144.0,144.0
17:57:55,Fase5_Recuperacao_Final,25.8,49.0,146.0,147.0,144.0
17:57:57,Fase5_Recuperacao_Final,25.8,49.0,128.0,160.0,157.0
17:57:59,Fase5_Recuperacao_Final,25.8,49.0,144.0,177.0,131.0
17:58:01,Fase5_Recuperacao_Final,25.8,49.0,115.0,146.0,150.0
17:58:03,Fase5_Recuperacao_Final,25.8,50.0,126.0,194.0,150.0
17:58:05,Fase5_Recuperacao_Final,25.8,50.0,133.0,192.0,144.0
17:58:07,Fase5_Recuperacao_Final,25.8,50.0,129.0,203.0,144.0
17:58:09,Fase5_Recuperacao_Final,25.8,50.0,103.0,165.0,144.0
17:58:11,Fase5_Recuperacao_Final,25.8,50.0,124.0,130.0,144.0
17:58:13,Fase5_Recuperacao_Final,25.8,50.0,169.0,165.0,139.0
17:58:15,Fase5_Recuperacao_Final,25.8,50.0,123.0,168.0,146.0
17:58:17,Fase5_Recuperacao_Final,25.8,50.0,154.0,148.0,128.0
17:58:19,Fase5_Recuperacao_Final,25.8,50.0,162.0,205.0,135.0
17:58:21,Fase5_Recuperacao_Final,25.8,50.0,143.0,149.0,145.0
17:58:23,Fase5_Recuperacao_Final,25.8,50.0,144.0,150.0,137.0
17:58:25,Fase5_Recuperacao_Final,25.8,50.0,126.0,171.0,137.0
17:58:27,Fase5_Recuperacao_Final,25.8,50.0,184.0,157.0,161.0
17:58:29,Fase5_Recuperacao_Final,25.8,50.0,144.0,173.0,157.0
17:58:31,Fase5_Recuperacao_Final,25.8,50.0,134.0,151.0,149.0
17:58:33,Fase5_Recuperacao_Final,25.8,50.0,139.0,197.0,130.0
17:58:35,Fase5_Recuperacao_Final,25.8,50.0,196.0,144.0,159.0
17:58:37,Fase5_Recuperacao_Final,25.8,50.0,113.0,166.0,145.0
17:58:39,Fase5_Recuperacao_Final,25.8,50.0,155.0,173.0,134.0
17:58:41,Fase5_Recuperacao_Final,25.8,50.0,128.0,156.0,155.0
17:58:43,Fase5_Recuperacao_Final,25.8,50.0,157.0,144.0,145.0
17:58:45,Fase5_Recuperacao_Final,25.8,50.0,123.0,162.0,128.0
17:58:47,Fase5_Recuperacao_Final,25.8,50.0,117.0,161.0,150.0
17:58:49,Fase5_Recuperacao_Final,25.8,50.0,181.0,128.0,144.0
17:58:51,Fase5_Recuperacao_Final,25.8,50.0,152.0,155.0,161.0
17:58:53,Fase5_Recuperacao_Final,25.8,50.0,125.0,170.0,144.0
17:58:55,Fase5_Recuperacao_Final,25.8,50.0,164.0,151.0,144.0
17:58:57,Fase5_Recuperacao_Final,25.8,50.0,128.0,154.0,144.0
17:58:59,Fase5_Recuperacao_Final,25.8,50.0,141.0,149.0,129.0
17:59:01,Fase5_Recuperacao_Final,25.8,50.0,146.0,185.0,138.0
17:59:03,Fase5_Recuperacao_Final,25.8,50.0,156.0,161.0,127.0
17:59:06,Fase5_Recuperacao_Final,25.8,50.0,176.0,164.0,174.0
17:59:08,Fase5_Recuperacao_Final,25.8,50.0,163.0,161.0,143.0
17:59:10,Fase5_Recuperacao_Final,25.8,50.0,134.0,159.0,145.0
17:59:12,Fase5_Recuperacao_Final,25.8,50.0,142.0,144.0,142.0
17:59:14,Fase5_Recuperacao_Final,25.8,50.0,142.0,171.0,144.0
17:59:16,Fase5_Recuperacao_Final,25.8,50.0,138.0,176.0,149.0
17:59:18,Fase5_Recuperacao_Final,25.8,50.0,130.0,161.0,152.0
17:59:20,Fase5_Recuperacao_Final,25.8,50.0,113.0,144.0,156.0
17:59:22,Fase5_Recuperacao_Final,25.8,50.0,165.0,158.0,144.0
17:59:24,Fase5_Recuperacao_Final,25.8,50.0,133.0,150.0,161.0
17:59:26,Fase5_Recuperacao_Final,25.8,50.0,145.0,160.0,139.0
17:59:28,Fase5_Recuperacao_Final,25.8,50.0,141.0,187.0,154.0
17:59:30,Fase5_Recuperacao_Final,25.8,50.0,153.0,150.0,147.0
17:59:32,Fase5_Recuperacao_Final,25.8,50.0,122.0,144.0,144.0
17:59:34,Fase5_Recuperacao_Final,25.8,50.0,112.0,171.0,158.0
17:59:36,Fase5_Recuperacao_Final,25.8,50.0,133.0,150.0,135.0
17:59:38,Fase5_Recuperacao_Final,25.8,50.0,165.0,159.0,135.0
17:59:40,Fase5_Recuperacao_Final,25.8,50.0,149.0,151.0,151.0
17:59:42,Fase5_Recuperacao_Final,25.8,50.0,150.0,158.0,161.0
17:59:44,Fase5_Recuperacao_Final,25.8,50.0,155.0,156.0,144.0
17:59:46,Fase5_Recuperacao_Final,25.8,50.0,160.0,171.0,148.0
17:59:48,Fase5_Recuperacao_Final,25.8,50.0,151.0,162.0,172.0
17:59:50,Fase5_Recuperacao_Final,25.8,50.0,157.0,165.0,170.0
17:59:52,Fase5_Recuperacao_Final,25.8,50.0,146.0,158.0,140.0
17:59:54,Fase5_Recuperacao_Final,25.8,50.0,114.0,166.0,149.0
17:59:56,Fase5_Recuperacao_Final,25.8,50.0,155.0,156.0,151.0
17:59:58,Fase5_Recuperacao_Final,25.8,50.0,143.0,160.0,144.0
18:00:00,Fase5_Recuperacao_Final,25.8,50.0,150.0,150.0,146.0
18:00:02,Fase5_Recuperacao_Final,25.8,50.0,129.0,154.0,144.0
18:00:04,Fase5_Recuperacao_Final,25.8,50.0,195.0,148.0,138.0
18:00:06,Fase5_Recuperacao_Final,25.8,50.0,123.0,181.0,147.0
18:00:08,Fase5_Recuperacao_Final,25.8,50.0,153.0,129.0,151.0
18:00:10,Fase5_Recuperacao_Final,25.8,50.0,134.0,151.0,147.0
18:00:12,Fase5_Recuperacao_Final,25.8,50.0,96.0,185.0,134.0
18:00:14,Fase5_Recuperacao_Final,25.8,50.0,154.0,159.0,138.0
18:00:16,Fase5_Recuperacao_Final,25.8,50.0,163.0,173.0,142.0
18:00:18,Fase5_Recuperacao_Final,25.8,50.0,130.0,151.0,131.0
18:00:20,Fase5_Recuperacao_Final,25.8,50.0,189.0,167.0,153.0
18:00:22,Fase5_Recuperacao_Final,25.8,50.0,148.0,146.0,151.0
18:00:24,Fase5_Recuperacao_Final,25.8,50.0,170.0,145.0,144.0
